{"type":"FeatureCollection","features":[{"type":"Feature","id":1,"geometry":{"type":"MultiPolygon","coordinates":[[[[19.941762027000038,50.118233676000045],[19.941762027000038,50.118009098000073],[19.941088294000053,50.117784521000033],[19.940863716000024,50.116886209000029],[19.941088294000053,50.116886209000029],[19.941762027000038,50.114415854000072],[19.941088294000053,50.114191276000042],[19.940639138000051,50.113292965000028],[19.941088294000053,50.112619231000053],[19.941762027000038,50.11239465400007],[19.94221118300004,50.11239465400007],[19.94221118300004,50.109250564000035],[19.941312871000036,50.109699720000037],[19.940414560000022,50.10880140900008],[19.940639138000051,50.108127675000048],[19.940414560000022,50.108127675000048],[19.937719627000035,50.107004786000061],[19.935923004000074,50.107229364000034],[19.935024693000059,50.106331053000076],[19.936147582000046,50.10498358600006],[19.937944205000065,50.10498358600006],[19.941537449000066,50.106555631000049],[19.94221118300004,50.106331053000076],[19.941537449000066,50.103860697000073],[19.940189982000049,50.10341154200006],[19.939740827000037,50.102288653000073],[19.940863716000024,50.101165764000029],[19.941762027000038,50.100941186000057],[19.94221118300004,50.09981829700007],[19.940414560000022,50.098919986000055],[19.939740827000037,50.096449630000052],[19.937719627000035,50.095775897000067],[19.937495049000063,50.096225052000079],[19.938168782000048,50.097347941000066],[19.937270471000033,50.098246252000081],[19.935923004000074,50.097572519000039],[19.935249271000032,50.096449630000052],[19.93345264900006,50.097797097000068],[19.932105182000043,50.097347941000066],[19.930533137000054,50.09981829700007],[19.929410248000067,50.100492030000055],[19.929185671000027,50.100492030000055],[19.929185671000027,50.101839497000071],[19.930083982000042,50.102064075000044],[19.930533137000054,50.102737808000029],[19.930308560000071,50.103860697000073],[19.929410248000067,50.104309853000075],[19.928511937000053,50.103860697000073],[19.928736515000026,50.104534431000047],[19.928287359000024,50.105208164000032],[19.926266159000022,50.105432742000062],[19.925143270000035,50.103860697000073],[19.923571226000035,50.10341154200006],[19.922672915000078,50.103860697000073],[19.921774603000074,50.103636120000033],[19.921100870000032,50.101614919000042],[19.919977981000045,50.100716608000027],[19.920876292000059,50.09959371900004],[19.922448337000048,50.100042875000042],[19.922672915000078,50.099369141000068],[19.924020381000048,50.098470830000053],[19.921550026000034,50.097572519000039],[19.921325448000061,50.096674208000081],[19.921774603000074,50.095775897000067],[19.920202559000074,50.096225052000079],[19.915935581000042,50.095102163000035],[19.912342336000052,50.09959371900004],[19.914138958000024,50.09959371900004],[19.91548642500004,50.098470830000053],[19.917507625000042,50.09959371900004],[19.917732203000071,50.100267453000072],[19.917283048000058,50.100941186000057],[19.916384736000055,50.101165764000029],[19.916160159000071,50.101165764000029],[19.915935581000042,50.101165764000029],[19.915261847000068,50.104759009000077],[19.914363536000053,50.105208164000032],[19.913465225000039,50.104309853000075],[19.913914381000041,50.101614919000042],[19.909871980000048,50.102288653000073],[19.908075358000076,50.104534431000047],[19.906054158000074,50.106106475000047],[19.909198247000063,50.106555631000049],[19.909647403000065,50.107229364000034],[19.909422825000036,50.107903098000065],[19.908749091000061,50.108352253000078],[19.903808380000044,50.108352253000078],[19.90133802400004,50.110598031000052],[19.901113446000068,50.110598031000052],[19.900664291000055,50.112170076000041],[19.899765980000041,50.112843809000026],[19.898867668000037,50.112619231000053],[19.898418513000024,50.111945498000068],[19.899541402000068,50.109475142000065],[19.901113446000068,50.107903098000065],[19.903134647000059,50.106780209000078],[19.904931269000031,50.104534431000047],[19.906952469000032,50.102962386000058],[19.912566914000024,50.096225052000079],[19.912342336000052,50.096225052000079],[19.909871980000048,50.095551319000037],[19.904706691000058,50.097123364000026],[19.900664291000055,50.097123364000026],[19.899765980000041,50.098246252000081],[19.898643091000054,50.097797097000068],[19.89774477900005,50.098919986000055],[19.897520202000067,50.098919986000055],[19.891905757000075,50.100267453000072],[19.891681179000045,50.101390342000059],[19.890333712000029,50.102288653000073],[19.889659979000044,50.102064075000044],[19.888087934000055,50.104309853000075],[19.885168423000039,50.105432742000062],[19.884719267000037,50.106106475000047],[19.884494690000054,50.106106475000047],[19.880901445000063,50.107903098000065],[19.889435401000071,50.109025987000052],[19.891681179000045,50.110822609000081],[19.891456601000073,50.111720920000039],[19.890782868000031,50.112170076000041],[19.888761668000029,50.111047187000054],[19.886965045000068,50.110822609000081],[19.884045534000052,50.111720920000039],[19.883147223000037,50.110822609000081],[19.883371801000067,50.110373453000079],[19.87820651100003,50.109475142000065],[19.875736156000073,50.111720920000039],[19.875062422000042,50.111945498000068],[19.874388689000057,50.111496342000066],[19.874388689000057,50.110148876000039],[19.87820651100003,50.107004786000061],[19.87843108900006,50.106106475000047],[19.88202433400005,50.102737808000029],[19.882248912000023,50.102737808000029],[19.882473490000052,50.101614919000042],[19.883147223000037,50.101165764000029],[19.881799756000078,50.096000475000039],[19.87820651100003,50.096674208000081],[19.874837845000059,50.098695408000026],[19.872816644000068,50.100492030000055],[19.87326580000007,50.101390342000059],[19.873490378000042,50.101390342000059],[19.87304122200004,50.102288653000073],[19.873490378000042,50.102962386000058],[19.87326580000007,50.102962386000058],[19.872367489000055,50.104085275000045],[19.870570866000037,50.104085275000045],[19.866977622000036,50.101839497000071],[19.864956422000034,50.102513231000046],[19.86428268800006,50.103186964000031],[19.863384377000045,50.102962386000058],[19.862935221000043,50.102288653000073],[19.863159799000073,50.101614919000042],[19.865180999000074,50.100492030000055],[19.866977622000036,50.098470830000053],[19.866977622000036,50.097572519000039],[19.864731844000062,50.094203852000078],[19.864731844000062,50.092631808000078],[19.86405811000003,50.091958074000047],[19.86428268800006,50.091059763000032],[19.865180999000074,50.090610608000077],[19.867202200000065,50.091508919000034],[19.867426777000048,50.092182652000076],[19.866753044000063,50.092856385000061],[19.866753044000063,50.093979274000048],[19.868774244000065,50.096674208000081],[19.870121711000024,50.095102163000035],[19.871918333000053,50.095102163000035],[19.878655667000032,50.091059763000032],[19.879104823000034,50.089487719000033],[19.881799756000078,50.089712296000073],[19.880901445000063,50.087466518000042],[19.880227712000078,50.087241941000059],[19.87843108900006,50.088140252000073],[19.874613267000029,50.089038563000031],[19.87304122200004,50.089936874000045],[19.871918333000053,50.091284341000062],[19.870570866000037,50.091508919000034],[19.869672555000022,50.090610608000077],[19.871020022000039,50.088813985000058],[19.871244600000068,50.088813985000058],[19.872816644000068,50.087915674000044],[19.87304122200004,50.087915674000044],[19.872142911000026,50.086792785000057],[19.872592067000028,50.085894474000042],[19.874613267000029,50.08566989600007],[19.875736156000073,50.086119052000072],[19.879553978000047,50.08566989600007],[19.880003134000049,50.085445318000041],[19.879778556000076,50.084097851000081],[19.87304122200004,50.083648696000068],[19.865405577000047,50.083873274000041],[19.858443666000028,50.085220740000068],[19.856422465000037,50.087466518000042],[19.854850421000037,50.086343629000055],[19.852604643000063,50.087466518000042],[19.851032598000074,50.085894474000042],[19.850808021000034,50.085894474000042],[19.84990970900003,50.08566989600007],[19.849685132000047,50.084996163000028],[19.84856224300006,50.085220740000068],[19.847888509000029,50.084547007000026],[19.846990198000071,50.084547007000026],[19.845418154000072,50.085220740000068],[19.844519842000068,50.084097851000081],[19.845193576000042,50.083199540000066],[19.847439354000073,50.082525807000081],[19.847439354000073,50.081402918000038],[19.848337665000031,50.08050460700008],[19.849460554000075,50.080953762000036],[19.849460554000075,50.082076651000079],[19.854176687000063,50.081178340000065],[19.854625843000065,50.081178340000065],[19.854401265000035,50.08028002900005],[19.85529957600005,50.079381718000036],[19.857320777000041,50.08028002900005],[19.858668243000068,50.08028002900005],[19.860015710000027,50.079606296000065],[19.860240288000057,50.079606296000065],[19.861363177000044,50.079606296000065],[19.861812332000056,50.078707984000062],[19.862036910000029,50.078707984000062],[19.86271064400006,50.078707984000062],[19.863833533000047,50.077360518000035],[19.866079311000078,50.077585095000074],[19.866977622000036,50.079830873000049],[19.86944797700005,50.079830873000049],[19.869223400000067,50.076911362000033],[19.86944797700005,50.076911362000033],[19.869672555000022,50.076237629000047],[19.871918333000053,50.076013051000075],[19.875511578000044,50.076462207000077],[19.875960733000056,50.075563895000073],[19.876634467000031,50.075563895000073],[19.87685904500006,50.075563895000073],[19.877083622000043,50.075563895000073],[19.876409889000058,50.074665584000059],[19.87685904500006,50.071746073000043],[19.876634467000031,50.071746073000043],[19.875062422000042,50.070174028000054],[19.871469178000041,50.070847762000028],[19.871244600000068,50.070847762000028],[19.868325088000063,50.070847762000028],[19.867651355000078,50.070174028000054],[19.867426777000048,50.070174028000054],[19.866977622000036,50.068826562000027],[19.865405577000047,50.069500295000068],[19.860464866000029,50.070174028000054],[19.860689444000059,50.070847762000028],[19.860015710000027,50.071746073000043],[19.858668243000068,50.071970651000072],[19.858219088000055,50.071970651000072],[19.859341977000042,50.073318117000042],[19.861138599000071,50.073093540000059],[19.862036910000029,50.073767273000044],[19.862261488000058,50.073767273000044],[19.862486066000031,50.074441006000029],[19.861587755000073,50.075339318000033],[19.860015710000027,50.07511474000006],[19.85889282100004,50.075563895000073],[19.857545354000024,50.074216429000046],[19.857320777000041,50.07511474000006],[19.856647043000066,50.075563895000073],[19.856422465000037,50.075563895000073],[19.851930910000078,50.076237629000047],[19.851032598000074,50.075339318000033],[19.851257176000047,50.074441006000029],[19.851930910000078,50.073991851000073],[19.854401265000035,50.073767273000044],[19.854625843000065,50.073767273000044],[19.854625843000065,50.073318117000042],[19.851257176000047,50.073767273000044],[19.850358865000032,50.072644384000057],[19.851706332000049,50.07152149500007],[19.854625843000065,50.071296917000041],[19.85529957600005,50.070847762000028],[19.853502954000078,50.069275717000039],[19.851706332000049,50.068601984000054],[19.849011398000073,50.068601984000054],[19.845193576000042,50.069949450000081],[19.842498642000066,50.069949450000081],[19.842049487000054,50.069500295000068],[19.839803709000023,50.069724873000041],[19.838905398000065,50.068601984000054],[19.839803709000023,50.06770367300004],[19.841375753000023,50.06770367300004],[19.844070687000055,50.066805361000036],[19.840926598000067,50.065008739000064],[19.840702020000037,50.064335006000078],[19.840926598000067,50.064335006000078],[19.841600331000052,50.063436694000075],[19.844295265000028,50.064784161000034],[19.845867309000027,50.064335006000078],[19.846541043000059,50.065008739000064],[19.847439354000073,50.064784161000034],[19.848337665000031,50.065682472000049],[19.851257176000047,50.066580784000053],[19.864731844000062,50.064335006000078],[19.864956422000034,50.064335006000078],[19.86405811000003,50.062762961000033],[19.86428268800006,50.061640072000046],[19.865405577000047,50.060966339000061],[19.865630155000076,50.060966339000061],[19.867426777000048,50.060741761000031],[19.867651355000078,50.060741761000031],[19.86787593300005,50.060741761000031],[19.86787593300005,50.060292605000029],[19.867651355000078,50.060292605000029],[19.864507266000032,50.060517183000059],[19.86428268800006,50.061190917000033],[19.862486066000031,50.061640072000046],[19.862036910000029,50.061190917000033],[19.861812332000056,50.061190917000033],[19.861138599000071,50.059169716000042],[19.85911739900007,50.060068028000046],[19.856871621000039,50.060068028000046],[19.855074999000067,50.059169716000042],[19.854625843000065,50.058046827000055],[19.853502954000078,50.05737309400007],[19.852829221000036,50.056250205000026],[19.853053799000065,50.054902738000067],[19.854401265000035,50.05377984900008],[19.854625843000065,50.05377984900008],[19.855748732000052,50.054004427000052],[19.857096199000068,50.055127316000039],[19.857320777000041,50.056025627000054],[19.856422465000037,50.05737309400007],[19.856647043000066,50.05737309400007],[19.857096199000068,50.058046827000055],[19.85889282100004,50.058046827000055],[19.861812332000056,50.056699361000028],[19.862486066000031,50.057148516000041],[19.86271064400006,50.058271405000028],[19.865630155000076,50.058495983000057],[19.866753044000063,50.057148516000041],[19.870346289000054,50.057597672000043],[19.870570866000037,50.056250205000026],[19.870570866000037,50.055351894000069],[19.870795444000066,50.056474783000056],[19.871469178000041,50.056923938000068],[19.872592067000028,50.056250205000026],[19.873939533000055,50.054453583000054],[19.873939533000055,50.051758649000078],[19.876409889000058,50.051309494000066],[19.878655667000032,50.051534071000049],[19.879553978000047,50.050635760000034],[19.879104823000034,50.049512871000047],[19.880901445000063,50.049737449000077],[19.881799756000078,50.048839138000062],[19.884270112000024,50.04838998200006],[19.895723579000048,50.048839138000062],[19.899316824000039,50.049512871000047],[19.899541402000068,50.049512871000047],[19.900215135000053,50.049737449000077],[19.90156260200007,50.049737449000077],[19.90133802400004,50.049962027000049],[19.901113446000068,50.050186605000079],[19.900439713000026,50.051084916000036],[19.900215135000053,50.051084916000036],[19.900215135000053,50.05220780500008],[19.891905757000075,50.051758649000078],[19.890558290000058,50.052881538000065],[19.889884557000073,50.054678161000027],[19.889659979000044,50.054678161000027],[19.88718962300004,50.055351894000069],[19.886291312000026,50.056474783000056],[19.88718962300004,50.05737309400007],[19.889435401000071,50.057148516000041],[19.89100744600006,50.056250205000026],[19.891456601000073,50.055351894000069],[19.89257949000006,50.056474783000056],[19.894151535000049,50.056474783000056],[19.895274424000036,50.055351894000069],[19.895049846000063,50.054004427000052],[19.895274424000036,50.054004427000052],[19.900439713000026,50.054229005000082],[19.900664291000055,50.054902738000067],[19.90156260200007,50.055127316000039],[19.90156260200007,50.056025627000054],[19.900888869000028,50.056025627000054],[19.898867668000037,50.05737309400007],[19.895948157000078,50.057822250000072],[19.893253224000034,50.059618872000044],[19.890782868000031,50.059843450000074],[19.889435401000071,50.060966339000061],[19.883820956000022,50.06253838300006],[19.882922645000065,50.063436694000075],[19.883147223000037,50.064335006000078],[19.883820956000022,50.064784161000034],[19.88741420100007,50.063661272000047],[19.88718962300004,50.064335006000078],[19.886965045000068,50.064335006000078],[19.88718962300004,50.065008739000064],[19.888986246000059,50.065907050000078],[19.889884557000073,50.065008739000064],[19.889210823000042,50.062987539000062],[19.890558290000058,50.06253838300006],[19.89100744600006,50.061864650000075],[19.893477801000074,50.061640072000046],[19.89617273500005,50.059843450000074],[19.898643091000054,50.059618872000044],[19.900888869000028,50.061864650000075],[19.901113446000068,50.06253838300006],[19.895723579000048,50.064110428000049],[19.894825268000034,50.065233317000036],[19.895274424000036,50.065907050000078],[19.896621891000052,50.066131628000051],[19.901787180000042,50.064335006000078],[19.902011758000071,50.065457895000065],[19.900215135000053,50.065682472000049],[19.899990557000024,50.06635620600008],[19.899765980000041,50.06635620600008],[19.899990557000024,50.066805361000036],[19.899765980000041,50.066805361000036],[19.899541402000068,50.067029939000065],[19.89235491200003,50.068152828000052],[19.892130335000047,50.068826562000027],[19.891905757000075,50.068826562000027],[19.891905757000075,50.070847762000028],[19.891681179000045,50.070847762000028],[19.888986246000059,50.071072339000068],[19.887863357000072,50.071746073000043],[19.886965045000068,50.073093540000059],[19.88718962300004,50.074216429000046],[19.888087934000055,50.074890162000031],[19.888761668000029,50.074441006000029],[19.893477801000074,50.073991851000073],[19.894376113000078,50.07511474000006],[19.897969357000022,50.074216429000046],[19.898643091000054,50.073542695000071],[19.900888869000028,50.073542695000071],[19.900664291000055,50.073991851000073],[19.898643091000054,50.074441006000029],[19.898643091000054,50.076237629000047],[19.898867668000037,50.076237629000047],[19.899316824000039,50.077360518000035],[19.895499002000065,50.078707984000062],[19.895049846000063,50.079381718000036],[19.895499002000065,50.08028002900005],[19.896846468000035,50.08050460700008],[19.899541402000068,50.079381718000036],[19.900664291000055,50.080729185000052],[19.902011758000071,50.079830873000049],[19.902460913000027,50.080953762000036],[19.903359224000042,50.081402918000038],[19.904706691000058,50.08050460700008],[19.904931269000031,50.079830873000049],[19.904482113000029,50.079157140000063],[19.904706691000058,50.079157140000063],[19.905829580000045,50.079381718000036],[19.90672789100006,50.078932562000034],[19.907626202000074,50.080729185000052],[19.907401625000034,50.081178340000065],[19.908299936000049,50.082301229000052],[19.910545714000023,50.082525807000081],[19.910994869000035,50.083424118000039],[19.912342336000052,50.083648696000068],[19.913240647000066,50.084547007000026],[19.914812692000055,50.083424118000039],[19.915037270000028,50.084322429000053],[19.915935581000042,50.084996163000028],[19.916833892000056,50.084547007000026],[19.917058470000029,50.083873274000041],[19.919977981000045,50.083199540000066],[19.920427137000047,50.082301229000052],[19.919079670000031,50.081178340000065],[19.91930424800006,50.081178340000065],[19.92065171400003,50.080729185000052],[19.92065171400003,50.081627496000067],[19.921550026000034,50.082525807000081],[19.92446953700005,50.082301229000052],[19.923122070000034,50.083648696000068],[19.923346648000063,50.084547007000026],[19.92446953700005,50.084996163000028],[19.925592426000037,50.084547007000026],[19.92604158100005,50.083424118000039],[19.927389048000066,50.082750385000054],[19.927838204000068,50.081852074000039],[19.930982293000056,50.080729185000052],[19.930982293000056,50.079606296000065],[19.92963482600004,50.078932562000034],[19.930308560000071,50.078258829000049],[19.931880604000071,50.078258829000049],[19.932105182000043,50.077585095000074],[19.932329760000073,50.077585095000074],[19.932105182000043,50.07668678400006],[19.933003493000058,50.076237629000047],[19.93345264900006,50.077135940000062],[19.933003493000058,50.078258829000049],[19.933901804000072,50.078932562000034],[19.93345264900006,50.079830873000049],[19.934126382000045,50.080729185000052],[19.933677226000043,50.080729185000052],[19.932329760000073,50.080729185000052],[19.931656026000041,50.081627496000067],[19.931431449000058,50.081627496000067],[19.931880604000071,50.082525807000081],[19.933003493000058,50.082974963000026],[19.931206871000029,50.082974963000026],[19.930757715000027,50.082525807000081],[19.930083982000042,50.082974963000026],[19.928736515000026,50.082974963000026],[19.928511937000053,50.082974963000026],[19.927613626000038,50.083873274000041],[19.92806278200004,50.084771585000055],[19.929859404000069,50.084996163000028],[19.930533137000054,50.085894474000042],[19.931431449000058,50.085445318000041],[19.931431449000058,50.084996163000028],[19.933901804000072,50.085220740000068],[19.934575538000047,50.085894474000042],[19.937944205000065,50.086792785000057],[19.938842516000022,50.085894474000042],[19.938393360000077,50.084996163000028],[19.937495049000063,50.084771585000055],[19.93861793800005,50.083648696000068],[19.938842516000022,50.083648696000068],[19.93861793800005,50.082974963000026],[19.937944205000065,50.082750385000054],[19.93861793800005,50.081402918000038],[19.939516249000064,50.082301229000052],[19.940189982000049,50.082076651000079],[19.940639138000051,50.080055451000078],[19.940863716000024,50.080055451000078],[19.942884916000025,50.080055451000078],[19.943558649000067,50.079606296000065],[19.94378322700004,50.078483407000078],[19.944007805000069,50.078483407000078],[19.944456961000071,50.078258829000049],[19.945130694000056,50.078707984000062],[19.945355272000029,50.078707984000062],[19.945130694000056,50.079381718000036],[19.945355272000029,50.079381718000036],[19.945579850000058,50.08028002900005],[19.946927316000028,50.081627496000067],[19.949397672000032,50.08028002900005],[19.951194294000061,50.083648696000068],[19.952092606000065,50.084097851000081],[19.952990917000022,50.085894474000042],[19.954562961000022,50.087017363000029],[19.955236695000053,50.086792785000057],[19.955685850000066,50.085894474000042],[19.953889228000037,50.083199540000066],[19.955236695000053,50.082750385000054],[19.955685850000066,50.081627496000067],[19.954787539000051,50.080729185000052],[19.952990917000022,50.081402918000038],[19.95276633900005,50.08050460700008],[19.951418872000033,50.079606296000065],[19.951643450000063,50.078707984000062],[19.95793162800004,50.076911362000033],[19.958829939000054,50.078483407000078],[19.960851140000045,50.078932562000034],[19.96174945100006,50.078258829000049],[19.962198606000072,50.077135940000062],[19.963770651000061,50.077360518000035],[19.966241007000065,50.075788473000046],[19.96691474000005,50.075788473000046],[19.968262207000066,50.077360518000035],[19.969385096000053,50.077360518000035],[19.969834251000066,50.076237629000047],[19.968486785000039,50.074890162000031],[19.969385096000053,50.073767273000044],[19.969160518000024,50.073093540000059],[19.968486785000039,50.072644384000057],[19.96691474000005,50.073093540000059],[19.96691474000005,50.072644384000057],[19.969160518000024,50.071296917000041],[19.969385096000053,50.070623184000056],[19.968486785000039,50.069724873000041],[19.969834251000066,50.069275717000039],[19.970058829000038,50.068601984000054],[19.969609673000036,50.06792825000008],[19.970283407000068,50.067479095000067],[19.975224118000028,50.06770367300004],[19.978368207000074,50.068826562000027],[19.979940252000063,50.069949450000081],[19.98106314100005,50.069500295000068],[19.981287719000022,50.068826562000027],[19.980389408000065,50.06770367300004],[19.976571585000045,50.06635620600008],[19.97589785200006,50.064559583000062],[19.975224118000028,50.064335006000078],[19.974325807000071,50.062987539000062],[19.971855451000067,50.061864650000075],[19.971855451000067,50.061190917000033],[19.974999541000045,50.060741761000031],[19.975448696000058,50.06253838300006],[19.976347007000072,50.063661272000047],[19.979715674000033,50.064784161000034],[19.980613985000048,50.064335006000078],[19.980613985000048,50.063212117000035],[19.98106314100005,50.062762961000033],[19.987575897000056,50.065233317000036],[19.99004625300006,50.064559583000062],[19.990270830000043,50.063885850000077],[19.989372519000028,50.062987539000062],[19.98465638600004,50.062313805000031],[19.981736874000035,50.060966339000061],[19.981287719000022,50.059618872000044],[19.981736874000035,50.058495983000057],[19.980838563000077,50.056923938000068],[19.977919052000061,50.056025627000054],[19.976347007000072,50.056474783000056],[19.976796163000074,50.055127316000039],[19.980838563000077,50.050860338000064],[19.982186030000037,50.050186605000079],[19.989147942000045,50.05377984900008],[19.98982167500003,50.05355527200004],[19.997232742000051,50.056250205000026],[19.998580209000067,50.055801049000081],[19.99880478700004,50.055127316000039],[19.998355631000038,50.054453583000054],[19.998580209000067,50.054453583000054],[19.99880478700004,50.054453583000054],[20.000601409000069,50.055351894000069],[20.001499720000027,50.054902738000067],[20.001948876000029,50.051534071000049],[20.003296343000045,50.050186605000079],[20.005766698000059,50.049063716000035],[20.014076077000027,50.049512871000047],[20.014974388000041,50.049962027000049],[20.015423543000054,50.050860338000064],[20.016546432000041,50.050860338000064],[20.018343055000059,50.05220780500008],[20.021487144000048,50.052432383000053],[20.022160877000033,50.053330694000067],[20.022160877000033,50.054229005000082],[20.022385455000062,50.054229005000082],[20.023957500000051,50.054229005000082],[20.025529544000051,50.055127316000039],[20.027775322000025,50.053330694000067],[20.028224478000027,50.051309494000066],[20.029122789000041,50.050860338000064],[20.030021100000056,50.051758649000078],[20.029796522000026,50.05355527200004],[20.027326166000023,50.056250205000026],[20.027550744000052,50.056923938000068],[20.026427855000065,50.058271405000028],[20.031143989000043,50.056250205000026],[20.032491456000059,50.056923938000068],[20.036533856000062,50.055127316000039],[20.037432167000077,50.055576472000041],[20.037432167000077,50.056923938000068],[20.028898211000069,50.060292605000029],[20.029796522000026,50.062987539000062],[20.028898211000069,50.063885850000077],[20.026652433000038,50.064110428000049],[20.025080389000038,50.063661272000047],[20.024631233000036,50.062987539000062],[20.024406655000064,50.062987539000062],[20.023508344000049,50.062987539000062],[20.022160877000033,50.064784161000034],[20.021711722000077,50.064784161000034],[20.02193629900006,50.065907050000078],[20.021487144000048,50.067029939000065],[20.019465944000046,50.068601984000054],[20.019241366000074,50.069500295000068],[20.018567633000032,50.069724873000041],[20.018567633000032,50.070398606000026],[20.018792210000072,50.070398606000026],[20.019465944000046,50.070847762000028],[20.021711722000077,50.070847762000028],[20.024182077000034,50.070623184000056],[20.025754122000023,50.069724873000041],[20.026877011000067,50.069724873000041],[20.025304966000078,50.06792825000008],[20.023732922000022,50.06770367300004],[20.022610033000035,50.066580784000053],[20.023059188000047,50.065682472000049],[20.024631233000036,50.065233317000036],[20.027999900000054,50.065457895000065],[20.028673633000039,50.065907050000078],[20.028673633000039,50.06770367300004],[20.029796522000026,50.06770367300004],[20.030694833000041,50.069051139000067],[20.029796522000026,50.071072339000068],[20.030021100000056,50.071072339000068],[20.036533856000062,50.070623184000056],[20.036983012000064,50.069724873000041],[20.039453367000078,50.068377406000081],[20.040351679000025,50.068826562000027],[20.040576256000065,50.069500295000068],[20.044169501000056,50.069051139000067],[20.044394079000028,50.06792825000008],[20.043271190000041,50.067479095000067],[20.043271190000041,50.06635620600008],[20.044843234000041,50.065682472000049],[20.047313590000044,50.065457895000065],[20.047987323000029,50.065907050000078],[20.047987323000029,50.066805361000036],[20.049783946000048,50.066805361000036],[20.05023310100006,50.067479095000067],[20.050008524000077,50.06792825000008],[20.052703457000064,50.067254517000038],[20.053601768000078,50.068152828000052],[20.053377191000038,50.069275717000039],[20.052703457000064,50.069724873000041],[20.051805146000049,50.069500295000068],[20.048211901000059,50.070174028000054],[20.049783946000048,50.070847762000028],[20.050008524000077,50.07152149500007],[20.049110212000073,50.072419806000028],[20.050906835000035,50.07286896200003],[20.051131413000064,50.073542695000071],[20.05023310100006,50.074441006000029],[20.051355990000047,50.074890162000031],[20.051805146000049,50.075788473000046],[20.051355990000047,50.076462207000077],[20.05023310100006,50.07668678400006],[20.047313590000044,50.075788473000046],[20.045741546000045,50.077809673000047],[20.044843234000041,50.077585095000074],[20.044394079000028,50.076911362000033],[20.045292390000043,50.075339318000033],[20.043720345000054,50.074890162000031],[20.043046612000069,50.074890162000031],[20.042597456000067,50.075788473000046],[20.041923723000025,50.076013051000075],[20.041923723000025,50.076911362000033],[20.04124999000004,50.077360518000035],[20.040351679000025,50.077135940000062],[20.039902523000023,50.076462207000077],[20.040127101000053,50.077809673000047],[20.04124999000004,50.078258829000049],[20.041474567000023,50.078258829000049],[20.041474567000023,50.079381718000036],[20.040800834000038,50.079830873000049],[20.036309278000033,50.08028002900005],[20.036309278000033,50.080729185000052],[20.037207589000047,50.080729185000052],[20.039004212000066,50.08028002900005],[20.039677945000051,50.080729185000052],[20.039902523000023,50.081627496000067],[20.039004212000066,50.082525807000081],[20.03608470000006,50.082974963000026],[20.037656745000049,50.083873274000041],[20.039228790000038,50.083199540000066],[20.039902523000023,50.083424118000039],[20.04124999000004,50.085894474000042],[20.041474567000023,50.085894474000042],[20.040576256000065,50.087017363000029],[20.038779634000036,50.086343629000055],[20.037432167000077,50.086568207000028],[20.035410967000075,50.084547007000026],[20.032940611000072,50.085220740000068],[20.031368567000072,50.084322429000053],[20.031368567000072,50.085220740000068],[20.030694833000041,50.08566989600007],[20.029571944000054,50.085220740000068],[20.028673633000039,50.088140252000073],[20.027550744000052,50.088589407000029],[20.026652433000038,50.087466518000042],[20.027550744000052,50.085220740000068],[20.025080389000038,50.084771585000055],[20.023508344000049,50.083873274000041],[20.020813410000073,50.08566989600007],[20.021711722000077,50.087241941000059],[20.020813410000073,50.088140252000073],[20.020588833000033,50.088140252000073],[20.01969052100003,50.087915674000044],[20.019016788000044,50.086792785000057],[20.01811847700003,50.087691096000071],[20.017220166000072,50.087241941000059],[20.017220166000072,50.086792785000057],[20.015423543000054,50.087017363000029],[20.015423543000054,50.088140252000073],[20.017444744000045,50.090161452000075],[20.01969052100003,50.089936874000045],[20.020588833000033,50.09083518500006],[20.01969052100003,50.091958074000047],[20.017444744000045,50.092182652000076],[20.016321855000058,50.092856385000061],[20.01677101000007,50.094203852000078],[20.019915099000059,50.09442843000005],[20.02193629900006,50.093754697000065],[20.022834611000064,50.09465300800008],[20.022160877000033,50.095775897000067],[20.019465944000046,50.096449630000052],[20.01969052100003,50.097123364000026],[20.018792210000072,50.098021675000041],[20.014076077000027,50.097123364000026],[20.014974388000041,50.098021675000041],[20.014749810000069,50.098695408000026],[20.012728610000067,50.099144564000028],[20.011830299000053,50.098246252000081],[20.012054876000036,50.097123364000026],[20.010258254000064,50.096674208000081],[20.010033676000035,50.096000475000039],[20.010258254000064,50.096000475000039],[20.010482832000037,50.095326741000065],[20.005991276000032,50.094877586000052],[20.005766698000059,50.094877586000052],[20.005766698000059,50.096674208000081],[20.004194654000059,50.097572519000039],[20.003296343000045,50.096674208000081],[20.003520920000028,50.095775897000067],[20.002398031000041,50.095102163000035],[20.001948876000029,50.095551319000037],[20.000825987000042,50.095326741000065],[19.99880478700004,50.096898786000054],[19.997681898000053,50.096449630000052],[19.997008164000022,50.097123364000026],[19.995660698000052,50.097347941000066],[19.996783587000039,50.098021675000041],[19.997008164000022,50.098695408000026],[19.996559009000066,50.099369141000068],[19.996334431000037,50.099369141000068],[19.995660698000052,50.09959371900004],[19.995436120000022,50.100267453000072],[19.994313231000035,50.100492030000055],[19.992067453000061,50.098695408000026],[19.992516608000074,50.097797097000068],[19.992741186000046,50.097797097000068],[19.993639497000061,50.097572519000039],[19.993639497000061,50.096674208000081],[19.991169142000047,50.096449630000052],[19.991618297000059,50.097123364000026],[19.99139371900003,50.097797097000068],[19.99004625300006,50.098470830000053],[19.990719986000045,50.099369141000068],[19.990944564000074,50.099369141000068],[19.990944564000074,50.102513231000046],[19.991618297000059,50.102737808000029],[19.992516608000074,50.102064075000044],[19.993414920000077,50.102737808000029],[19.993639497000061,50.103636120000033],[19.996334431000037,50.103636120000033],[19.999478520000025,50.104309853000075],[20.000825987000042,50.105432742000062],[19.999927676000027,50.106555631000049],[19.996109853000064,50.105657320000034],[19.992965764000076,50.105657320000034],[19.988923364000073,50.103860697000073],[19.988025053000058,50.103860697000073],[19.988025053000058,50.10498358600006],[19.98622843000004,50.105881897000074],[19.985105541000053,50.104759009000077],[19.985330119000025,50.10341154200006],[19.985105541000053,50.10341154200006],[19.982410608000066,50.102737808000029],[19.980164830000035,50.101390342000059],[19.97567327400003,50.100042875000042],[19.975448696000058,50.100042875000042],[19.981961452000064,50.102962386000058],[19.982410608000066,50.105657320000034],[19.982186030000037,50.105657320000034],[19.981287719000022,50.106555631000049],[19.980164830000035,50.105432742000062],[19.980164830000035,50.104085275000045],[19.976571585000045,50.102962386000058],[19.972978340000054,50.100941186000057],[19.970732562000023,50.100267453000072],[19.970058829000038,50.098919986000055],[19.970283407000068,50.098919986000055],[19.970957140000053,50.098021675000041],[19.969160518000024,50.097123364000026],[19.969385096000053,50.097797097000068],[19.968486785000039,50.098695408000026],[19.968262207000066,50.098695408000026],[19.966241007000065,50.097797097000068],[19.96691474000005,50.09981829700007],[19.966465584000048,50.100492030000055],[19.965567273000033,50.100716608000027],[19.965342695000061,50.102288653000073],[19.966016429000035,50.103186964000031],[19.965342695000061,50.104085275000045],[19.966016429000035,50.10498358600006],[19.966241007000065,50.106780209000078],[19.966465584000048,50.106780209000078],[19.968711362000022,50.104759009000077],[19.969609673000036,50.105208164000032],[19.969834251000066,50.106106475000047],[19.967588473000035,50.108352253000078],[19.967139318000022,50.109924298000067],[19.965567273000033,50.110148876000039],[19.964668962000076,50.109250564000035],[19.964219806000074,50.106331053000076],[19.959279095000056,50.106331053000076],[19.957482473000027,50.105208164000032],[19.956584161000023,50.103186964000031],[19.951194294000061,50.10341154200006],[19.950745139000048,50.102513231000046],[19.951194294000061,50.101839497000071],[19.954787539000051,50.101165764000029],[19.951418872000033,50.100716608000027],[19.950745139000048,50.100267453000072],[19.950520561000076,50.099369141000068],[19.950071405000074,50.099369141000068],[19.94760105000006,50.100941186000057],[19.94737647200003,50.102288653000073],[19.949397672000032,50.103636120000033],[19.949622250000061,50.103636120000033],[19.950520561000076,50.103860697000073],[19.950969717000078,50.104534431000047],[19.950745139000048,50.105208164000032],[19.949173094000059,50.105657320000034],[19.946478161000073,50.104085275000045],[19.944681538000054,50.106106475000047],[19.946478161000073,50.107004786000061],[19.948274783000045,50.106780209000078],[19.951194294000061,50.107678520000036],[19.952092606000065,50.10880140900008],[19.951194294000061,50.109699720000037],[19.948050205000072,50.10880140900008],[19.947825627000043,50.10880140900008],[19.946927316000028,50.109025987000052],[19.946029005000071,50.109924298000067],[19.944456961000071,50.109475142000065],[19.944232383000042,50.109475142000065],[19.944007805000069,50.111720920000039],[19.944232383000042,50.112619231000053],[19.949622250000061,50.112619231000053],[19.950520561000076,50.11374212000004],[19.949622250000061,50.114640431000055],[19.94378322700004,50.114640431000055],[19.942884916000025,50.11755994300006],[19.941762027000038,50.118233676000045]]],[[[19.94894851600003,49.970910643000082],[19.955685850000066,49.971135221000054],[19.957482473000027,49.972482688000071],[19.957257895000055,49.973380999000028],[19.956584161000023,49.97383015500003],[19.955461272000036,49.973156421000056],[19.955236695000053,49.973156421000056],[19.949397672000032,49.972931844000072],[19.948050205000072,49.97383015500003],[19.948050205000072,49.974503888000072],[19.950745139000048,49.974953044000074],[19.950969717000078,49.975626777000059],[19.953889228000037,49.977423399000031],[19.953889228000037,49.978770866000048],[19.955461272000036,49.978770866000048],[19.958380784000042,49.979669177000062],[19.959728251000058,49.981016644000078],[19.960851140000045,49.981016644000078],[19.963770651000061,49.982588689000067],[19.964668962000076,49.983711578000054],[19.964444384000046,49.98438531100004],[19.963321495000059,49.984834467000042],[19.962872340000047,49.98438531100004],[19.962647762000074,49.98438531100004],[19.962647762000074,49.984834467000042],[19.962872340000047,49.984834467000042],[19.963995229000034,49.987080245000072],[19.968037629000037,49.98663108900007],[19.969834251000066,49.985283622000054],[19.974999541000045,49.985283622000054],[19.980389408000065,49.983487000000082],[19.982859763000022,49.983262422000053],[19.983758074000036,49.984160733000067],[19.983308919000024,49.985059044000081],[19.982410608000066,49.985508200000027],[19.979491096000061,49.985732778000056],[19.975224118000028,49.987304822000056],[19.970283407000068,49.987304822000056],[19.968711362000022,49.988203134000059],[19.970283407000068,49.989101445000074],[19.970957140000053,49.990224334000061],[19.971630874000027,49.990224334000061],[19.972304607000069,49.989101445000074],[19.974101229000041,49.988203134000059],[19.975448696000058,49.989326023000046],[19.974325807000071,49.990673489000073],[19.976796163000074,49.990898067000046],[19.977694474000032,49.992020956000033],[19.976796163000074,49.992919267000048],[19.975224118000028,49.992919267000048],[19.971855451000067,49.992020956000033],[19.971630874000027,49.992694689000075],[19.972304607000069,49.993593001000079],[19.970957140000053,49.995165045000078],[19.967813051000064,49.99561420100008],[19.965791851000063,49.997410823000052],[19.963321495000059,49.998309134000067],[19.959054517000027,49.998982868000041],[19.958829939000054,49.998982868000041],[19.959054517000027,49.999656601000027],[19.967139318000022,50.00077949000007],[19.970283407000068,50.00077949000007],[19.987575897000056,49.999656601000027],[19.987351319000027,49.996512512000038],[19.987575897000056,49.996512512000038],[19.988249630000041,49.993593001000079],[19.988923364000073,49.993143845000077],[19.994313231000035,49.993368423000049],[19.996109853000064,49.99179637800006],[19.996334431000037,49.99179637800006],[19.997232742000051,49.991347223000048],[19.997457320000024,49.991347223000048],[19.998131053000066,49.988876867000045],[19.999478520000025,49.987753978000057],[19.999703098000055,49.987753978000057],[20.000152253000067,49.986181933000069],[20.001050565000071,49.985508200000027],[20.001050565000071,49.984160733000067],[20.002173454000058,49.983711578000054],[20.004419232000032,49.98438531100004],[20.004868387000045,49.985283622000054],[20.004643809000072,49.985283622000054],[20.00397007600003,49.986181933000069],[20.003745498000058,49.986181933000069],[20.002847187000043,49.986181933000069],[20.001948876000029,49.987304822000056],[20.001724298000056,49.987304822000056],[20.001499720000027,49.988652289000072],[19.999703098000055,49.989999756000032],[19.999478520000025,49.990898067000046],[20.006215854000061,49.991571800000031],[20.007114165000075,49.992470112000035],[20.006889587000046,49.993143845000077],[20.004868387000045,49.993593001000079],[19.998580209000067,49.992919267000048],[19.997232742000051,49.993368423000049],[19.994762386000048,49.995389623000051],[19.992516608000074,49.995389623000051],[19.991842875000032,49.996737090000067],[19.992965764000076,49.997635401000082],[19.993414920000077,49.998982868000041],[19.999478520000025,49.998309134000067],[20.00037683100004,49.999207445000081],[19.999927676000027,49.999881179000056],[20.000152253000067,50.000330334000068],[20.006440432000034,50.001228646000072],[20.007338743000048,50.00212695700003],[20.007114165000075,50.002576112000042],[20.010931988000038,50.003249846000074],[20.011605721000024,50.002576112000042],[20.012728610000067,50.002576112000042],[20.01811847700003,50.00369900100003],[20.018792210000072,50.003249846000074],[20.021487144000048,50.003474424000046],[20.022385455000062,50.003025268000044],[20.02710158900004,49.998982868000041],[20.027999900000054,49.998758290000069],[20.028898211000069,49.999656601000027],[20.028449055000067,50.000554912000041],[20.028898211000069,50.001453223000055],[20.027999900000054,50.002351535000059],[20.028224478000027,50.002351535000059],[20.029347367000071,50.004372735000061],[20.030694833000041,50.004372735000061],[20.031593145000045,50.005046468000046],[20.031817722000028,50.005046468000046],[20.033838922000029,50.005046468000046],[20.034737234000033,50.004597313000033],[20.035186389000046,50.005046468000046],[20.049110212000073,50.005046468000046],[20.052703457000064,50.005720201000031],[20.058542480000028,50.008190557000034],[20.06056368000003,50.00976260200008],[20.063932347000048,50.00976260200008],[20.064830658000062,50.010211757000036],[20.066402703000051,50.012232957000037],[20.066402703000051,50.014029580000056],[20.069322214000067,50.01492789100007],[20.070220525000025,50.015826202000028],[20.069771369000023,50.016724513000042],[20.068423903000053,50.016949091000072],[20.065055236000035,50.015377047000072],[20.062809458000061,50.016724513000042],[20.06438150200006,50.033792426000048],[20.06438150200006,50.035364470000047],[20.064156925000077,50.035364470000047],[20.063932347000048,50.036038204000079],[20.068199325000023,50.036262781000062],[20.069097636000038,50.036936515000036],[20.069322214000067,50.037610248000078],[20.068423903000053,50.038508559000036],[20.065953547000049,50.03805940400008],[20.066402703000051,50.039182293000067],[20.069097636000038,50.041877226000054],[20.068199325000023,50.043000115000041],[20.067301014000066,50.042775537000068],[20.064830658000062,50.040305182000054],[20.064156925000077,50.038508559000036],[20.062584880000031,50.038508559000036],[20.062809458000061,50.038957715000038],[20.062584880000031,50.038957715000038],[20.062135725000076,50.03963144800008],[20.061911147000046,50.040754337000067],[20.061237413000072,50.041203493000069],[20.059440791000043,50.040305182000054],[20.058317902000056,50.038733137000065],[20.053601768000078,50.039182293000067],[20.055847546000052,50.040754337000067],[20.054949235000038,50.041877226000054],[20.052029724000022,50.040978915000039],[20.051580568000077,50.03940687100004],[20.047987323000029,50.03940687100004],[20.047762746000046,50.03940687100004],[20.047313590000044,50.040305182000054],[20.045292390000043,50.040529760000027],[20.045292390000043,50.040978915000039],[20.045741546000045,50.042101804000026],[20.048211901000059,50.041203493000069],[20.049559368000075,50.041203493000069],[20.050682257000062,50.042326382000056],[20.049783946000048,50.043449271000043],[20.048436479000031,50.04322469300007],[20.046864435000032,50.043673849000072],[20.050682257000062,50.048165404000031],[20.05023310100006,50.049063716000035],[20.049334790000046,50.049288293000075],[20.045966123000028,50.045695049000074],[20.045741546000045,50.047042516000033],[20.044843234000041,50.047491671000046],[20.038330478000034,50.045470471000044],[20.033614345000046,50.043000115000041],[20.028673633000039,50.042775537000068],[20.027326166000023,50.042326382000056],[20.025754122000023,50.040978915000039],[20.025304966000078,50.039182293000067],[20.025080389000038,50.03940687100004],[20.024855811000066,50.03940687100004],[20.024631233000036,50.041203493000069],[20.023732922000022,50.041652648000081],[20.023059188000047,50.041203493000069],[20.022834611000064,50.03940687100004],[20.022385455000062,50.039182293000067],[20.022160877000033,50.039182293000067],[20.022160877000033,50.038733137000065],[20.019915099000059,50.038733137000065],[20.020139677000031,50.040754337000067],[20.01969052100003,50.041428071000041],[20.018792210000072,50.041652648000081],[20.017893899000057,50.040754337000067],[20.017893899000057,50.038957715000038],[20.012504032000038,50.039182293000067],[20.005766698000059,50.040529760000027],[20.007338743000048,50.041877226000054],[20.007563321000077,50.041877226000054],[20.008910787000048,50.042326382000056],[20.011605721000024,50.041428071000041],[20.013851499000054,50.041652648000081],[20.014300654000067,50.041203493000069],[20.015648121000027,50.041203493000069],[20.017220166000072,50.042326382000056],[20.017444744000045,50.043673849000072],[20.018792210000072,50.045021315000042],[20.023732922000022,50.045470471000044],[20.024855811000066,50.046144204000029],[20.024855811000066,50.047267093000073],[20.024182077000034,50.047716249000075],[20.023283766000077,50.047491671000046],[20.023059188000047,50.047491671000046],[20.022834611000064,50.048165404000031],[20.022160877000033,50.04838998200006],[20.021487144000048,50.047940827000048],[20.021262566000075,50.047042516000033],[20.017893899000057,50.046817938000061],[20.016546432000041,50.045245893000072],[20.013851499000054,50.043673849000072],[20.011830299000053,50.043449271000043],[20.010033676000035,50.044347582000057],[20.008686210000064,50.044347582000057],[20.007563321000077,50.044123004000028],[20.005092965000074,50.042550960000028],[20.004194654000059,50.042775537000068],[20.003296343000045,50.041652648000081],[20.002398031000041,50.041428071000041],[20.001499720000027,50.041652648000081],[20.001948876000029,50.044796738000059],[20.000825987000042,50.047042516000033],[19.999927676000027,50.047716249000075],[19.999029364000023,50.047716249000075],[19.99880478700004,50.048839138000062],[19.998131053000066,50.049512871000047],[19.993190342000048,50.05220780500008],[19.992965764000076,50.05220780500008],[19.993414920000077,50.051309494000066],[19.992516608000074,50.050411182000062],[19.990495408000072,50.050411182000062],[19.989372519000028,50.051309494000066],[19.988698786000043,50.051309494000066],[19.983533497000053,50.048839138000062],[19.984431808000068,50.047716249000075],[19.984431808000068,50.046368782000059],[19.986677586000042,50.047042516000033],[19.988474208000071,50.047042516000033],[19.989147942000045,50.046593360000031],[19.989372519000028,50.045919627000046],[19.988923364000073,50.045245893000072],[19.987126741000054,50.045021315000042],[19.988698786000043,50.044123004000028],[19.988923364000073,50.043449271000043],[19.988474208000071,50.042775537000068],[19.987575897000056,50.042550960000028],[19.98465638600004,50.043673849000072],[19.98465638600004,50.042550960000028],[19.985105541000053,50.042101804000026],[19.984880963000023,50.041652648000081],[19.985779275000027,50.041428071000041],[19.990719986000045,50.041203493000069],[19.991169142000047,50.040305182000054],[19.990270830000043,50.03940687100004],[19.985554697000055,50.03940687100004],[19.984880963000023,50.038733137000065],[19.983758074000036,50.03940687100004],[19.983308919000024,50.038508559000036],[19.982635186000039,50.038283982000053],[19.981512297000052,50.03963144800008],[19.978592785000046,50.03963144800008],[19.977694474000032,50.037161093000066],[19.976796163000074,50.036711937000064],[19.976122429000043,50.037161093000066],[19.97589785200006,50.038508559000036],[19.973427496000056,50.039182293000067],[19.973202918000027,50.040080604000082],[19.973652074000029,50.040978915000039],[19.971855451000067,50.041652648000081],[19.970957140000053,50.043000115000041],[19.968711362000022,50.041877226000054],[19.966241007000065,50.041877226000054],[19.965118118000078,50.041203493000069],[19.965118118000078,50.040754337000067],[19.967363896000052,50.038957715000038],[19.967363896000052,50.037385670000049],[19.97050798500004,50.03424158100006],[19.971630874000027,50.034466159000033],[19.971855451000067,50.036487359000034],[19.972978340000054,50.036936515000036],[19.97589785200006,50.03424158100006],[19.977469896000059,50.033792426000048],[19.978143630000034,50.032444959000031],[19.979491096000061,50.031771226000046],[19.979491096000061,50.030648337000059],[19.978368207000074,50.030199181000057],[19.97724531800003,50.030648337000059],[19.974325807000071,50.033343270000046],[19.972304607000069,50.032669537000061],[19.977020741000047,50.027953403000026],[19.980838563000077,50.029974603000028],[19.981961452000064,50.029525448000072],[19.982186030000037,50.028851714000041],[19.981512297000052,50.027953403000026],[19.978592785000046,50.026605936000067],[19.979266519000078,50.025707625000052],[19.981287719000022,50.025932203000082],[19.982186030000037,50.025033892000067],[19.983084341000051,50.025707625000052],[19.98465638600004,50.025707625000052],[19.98465638600004,50.026830514000039],[19.986677586000042,50.027953403000026],[19.988025053000058,50.026830514000039],[19.988025053000058,50.027279670000041],[19.989597097000058,50.028402559000028],[19.990719986000045,50.027504247000081],[19.990270830000043,50.026381358000037],[19.993864075000033,50.025707625000052],[19.994313231000035,50.024809314000038],[19.993414920000077,50.02391100300008],[19.988025053000058,50.024584736000065],[19.986902164000071,50.02391100300008],[19.983308919000024,50.023686425000051],[19.982859763000022,50.023237269000049],[19.986677586000042,50.020991491000075],[19.988025053000058,50.021665225000049],[19.989372519000028,50.023237269000049],[19.990495408000072,50.023237269000049],[19.990944564000074,50.022114380000062],[19.989147942000045,50.02009318000006],[19.988698786000043,50.02009318000006],[19.988698786000043,50.019644025000048],[19.992741186000046,50.017173669000044],[19.999927676000027,50.014703313000041],[20.00037683100004,50.014029580000056],[19.999927676000027,50.013131269000041],[19.998580209000067,50.012906691000069],[19.996334431000037,50.014029580000056],[19.994088653000063,50.014478735000068],[19.990944564000074,50.01627535800003],[19.989597097000058,50.016499936000059],[19.989147942000045,50.017398247000074],[19.987575897000056,50.018296558000031],[19.987126741000054,50.018296558000031],[19.987126741000054,50.017847402000029],[19.988474208000071,50.017398247000074],[19.988923364000073,50.016724513000042],[19.987800475000029,50.015377047000072],[19.986003852000067,50.01627535800003],[19.985330119000025,50.017398247000074],[19.982635186000039,50.017398247000074],[19.98106314100005,50.018071980000059],[19.980838563000077,50.017398247000074],[19.979940252000063,50.017173669000044],[19.978817363000076,50.018521136000061],[19.979266519000078,50.019644025000048],[19.978592785000046,50.02009318000006],[19.978592785000046,50.016499936000059],[19.976347007000072,50.015152469000043],[19.974774963000073,50.015152469000043],[19.975224118000028,50.014254158000028],[19.974774963000073,50.013355846000081],[19.973652074000029,50.013131269000041],[19.972304607000069,50.013805002000026],[19.970732562000023,50.013805002000026],[19.970058829000038,50.013131269000041],[19.968711362000022,50.013355846000081],[19.973876652000058,50.009313446000078],[19.974101229000041,50.008415135000064],[19.973652074000029,50.007741402000079],[19.972529185000042,50.007741402000079],[19.967139318000022,50.012008380000054],[19.966241007000065,50.012008380000054],[19.965791851000063,50.010211757000036],[19.964444384000046,50.009538024000051],[19.962198606000072,50.00976260200008],[19.961300295000058,50.010660913000038],[19.960177406000071,50.00976260200008],[19.959279095000056,50.00976260200008],[19.958605362000071,50.010211757000036],[19.958380784000042,50.01111006900004],[19.957033317000025,50.010660913000038],[19.956808739000053,50.009987180000053],[19.955910428000038,50.009538024000051],[19.954787539000051,50.010885491000067],[19.953215495000052,50.01133464600008],[19.953440072000035,50.00976260200008],[19.952990917000022,50.009088868000049],[19.959503673000029,50.009088868000049],[19.960401984000043,50.008190557000034],[19.959503673000029,50.007067668000047],[19.954113806000066,50.007067668000047],[19.954338384000039,50.006169357000033],[19.955236695000053,50.006618513000035],[19.956808739000053,50.00594477900006],[19.960851140000045,50.005720201000031],[19.96174945100006,50.004821890000073],[19.96152487300003,50.004148157000031],[19.960851140000045,50.00369900100003],[19.958829939000054,50.00369900100003],[19.949846828000034,50.004597313000033],[19.950520561000076,50.00369900100003],[19.952092606000065,50.003249846000074],[19.952317183000048,50.002576112000042],[19.951418872000033,50.001677801000028],[19.950071405000074,50.001677801000028],[19.947825627000043,50.003474424000046],[19.94378322700004,50.004148157000031],[19.942435760000023,50.002576112000042],[19.942435760000023,50.00212695700003],[19.943334072000027,50.001902379000057],[19.94378322700004,50.001228646000072],[19.942884916000025,50.000105757000028],[19.940639138000051,50.000105757000028],[19.939516249000064,49.998982868000041],[19.937719627000035,49.999207445000081],[19.937045893000061,50.000330334000068],[19.934575538000047,50.000105757000028],[19.931206871000029,49.998982868000041],[19.928511937000053,49.99718624500008],[19.931206871000029,49.99561420100008],[19.93322807100003,49.995389623000051],[19.934126382000045,49.994042156000035],[19.933677226000043,49.992919267000048],[19.931206871000029,49.992919267000048],[19.930083982000042,49.994266734000064],[19.926490737000051,49.99561420100008],[19.921999181000047,49.992919267000048],[19.917956781000044,49.99179637800006],[19.915935581000042,49.987753978000057],[19.915037270000028,49.987080245000072],[19.914138958000024,49.987529400000028],[19.913914381000041,49.988427711000043],[19.915261847000068,49.990898067000046],[19.913016069000037,49.99179637800006],[19.911444025000037,49.991571800000031],[19.909647403000065,49.990448911000044],[19.903808380000044,49.989775178000059],[19.902685491000057,49.989999756000032],[19.902236335000055,49.990898067000046],[19.903583802000071,49.992020956000033],[19.908075358000076,49.992245534000062],[19.910096558000077,49.992694689000075],[19.91189318000005,49.993817578000062],[19.916384736000055,49.994042156000035],[19.917732203000071,49.99561420100008],[19.917732203000071,49.996737090000067],[19.916833892000056,49.99718624500008],[19.916833892000056,49.997635401000082],[19.915261847000068,49.998084556000038],[19.915261847000068,49.99718624500008],[19.914363536000053,49.996287934000065],[19.913689803000068,49.996512512000038],[19.913240647000066,49.997410823000052],[19.909647403000065,49.997410823000052],[19.908749091000061,49.998309134000067],[19.909198247000063,49.999207445000081],[19.907401625000034,49.999656601000027],[19.906952469000032,50.00077949000007],[19.908973669000034,50.002576112000042],[19.912117758000022,50.00212695700003],[19.913240647000066,50.004372735000061],[19.914363536000053,50.005271046000075],[19.915261847000068,50.005046468000046],[19.915711003000069,50.004372735000061],[19.914363536000053,50.00212695700003],[19.919079670000031,50.00369900100003],[19.921999181000047,50.00369900100003],[19.922448337000048,50.004821890000073],[19.921774603000074,50.005046468000046],[19.921550026000034,50.006618513000035],[19.917507625000042,50.006393935000062],[19.914812692000055,50.007516824000049],[19.913914381000041,50.008415135000064],[19.908749091000061,50.008415135000064],[19.906278736000047,50.006843090000075],[19.90672789100006,50.00594477900006],[19.905829580000045,50.005046468000046],[19.904706691000058,50.005720201000031],[19.898643091000054,50.005495624000048],[19.898193935000052,50.005046468000046],[19.897295624000037,50.005271046000075],[19.897071046000065,50.004372735000061],[19.896397313000023,50.003923579000059],[19.895274424000036,50.004821890000073],[19.895274424000036,50.006393935000062],[19.89257949000006,50.006618513000035],[19.89235491200003,50.004821890000073],[19.891232023000043,50.003474424000046],[19.890109134000056,50.004372735000061],[19.890333712000029,50.005720201000031],[19.888986246000059,50.005720201000031],[19.888537090000057,50.004821890000073],[19.887863357000072,50.004597313000033],[19.886740468000028,50.00594477900006],[19.880452289000061,50.006169357000033],[19.87820651100003,50.005720201000031],[19.879104823000034,50.004821890000073],[19.87820651100003,50.00369900100003],[19.87685904500006,50.003923579000059],[19.875736156000073,50.004821890000073],[19.873714956000072,50.00369900100003],[19.872592067000028,50.002351535000059],[19.871020022000039,50.003249846000074],[19.870346289000054,50.00212695700003],[19.868998822000037,50.001902379000057],[19.868325088000063,50.001228646000072],[19.867651355000078,50.001453223000055],[19.867202200000065,50.00212695700003],[19.867426777000048,50.003025268000044],[19.869672555000022,50.004821890000073],[19.871693755000024,50.005495624000048],[19.868774244000065,50.005495624000048],[19.86787593300005,50.006393935000062],[19.868100511000023,50.007067668000047],[19.868998822000037,50.007741402000079],[19.872592067000028,50.007741402000079],[19.87304122200004,50.008864291000066],[19.874164111000027,50.00976260200008],[19.874837845000059,50.011559224000052],[19.875062422000042,50.015152469000043],[19.869223400000067,50.014478735000068],[19.868325088000063,50.015377047000072],[19.869223400000067,50.016499936000059],[19.874837845000059,50.017173669000044],[19.874837845000059,50.017622825000046],[19.873939533000055,50.017622825000046],[19.871693755000024,50.018970291000073],[19.871469178000041,50.019868602000031],[19.871918333000053,50.020542336000062],[19.87326580000007,50.020542336000062],[19.873939533000055,50.019868602000031],[19.875062422000042,50.020542336000062],[19.876634467000031,50.02009318000006],[19.877308200000073,50.020317758000033],[19.877757356000075,50.021216069000047],[19.87820651100003,50.021216069000047],[19.87843108900006,50.022338958000034],[19.879329400000074,50.022788114000036],[19.880227712000078,50.021889803000079],[19.880003134000049,50.020542336000062],[19.883371801000067,50.020317758000033],[19.882922645000065,50.020991491000075],[19.883147223000037,50.021665225000049],[19.885393001000068,50.022788114000036],[19.886066734000053,50.022563536000064],[19.890782868000031,50.023461847000078],[19.891905757000075,50.022563536000064],[19.892804068000032,50.022563536000064],[19.893702379000047,50.023686425000051],[19.897969357000022,50.021665225000049],[19.900664291000055,50.02391100300008],[19.900664291000055,50.025033892000067],[19.901787180000042,50.02548304700008],[19.901787180000042,50.025932203000082],[19.899765980000041,50.025707625000052],[19.898867668000037,50.026605936000067],[19.896621891000052,50.025033892000067],[19.895723579000048,50.025932203000082],[19.895723579000048,50.026605936000067],[19.896621891000052,50.027728825000054],[19.89774477900005,50.027953403000026],[19.898867668000037,50.028851714000041],[19.902236335000055,50.028851714000041],[19.902685491000057,50.029750025000055],[19.904482113000029,50.031097492000072],[19.908524514000078,50.03042375900003],[19.908075358000076,50.031097492000072],[19.908299936000049,50.031771226000046],[19.905829580000045,50.032444959000031],[19.903134647000059,50.034017003000031],[19.899765980000041,50.03424158100006],[19.895948157000078,50.036038204000079],[19.894600690000061,50.035589048000077],[19.888761668000029,50.035589048000077],[19.888312512000027,50.034915315000035],[19.885168423000039,50.033792426000048],[19.877981934000047,50.033343270000046],[19.867426777000048,50.031546648000074],[19.865854733000049,50.030648337000059],[19.860689444000059,50.02907629200007],[19.862486066000031,50.026605936000067],[19.861587755000073,50.02548304700008],[19.860689444000059,50.025707625000052],[19.859566555000072,50.027279670000041],[19.858443666000028,50.027728825000054],[19.858443666000028,50.028177981000056],[19.854176687000063,50.028177981000056],[19.85372753200005,50.028851714000041],[19.853952110000023,50.029750025000055],[19.854625843000065,50.030199181000057],[19.856422465000037,50.030199181000057],[19.857545354000024,50.031546648000074],[19.858443666000028,50.031322070000044],[19.858668243000068,50.030648337000059],[19.859566555000072,50.030648337000059],[19.868100511000023,50.033792426000048],[19.877757356000075,50.035364470000047],[19.882473490000052,50.035589048000077],[19.88202433400005,50.036487359000034],[19.879553978000047,50.036936515000036],[19.877308200000073,50.036262781000062],[19.875287000000071,50.036487359000034],[19.873714956000072,50.035589048000077],[19.872816644000068,50.035813626000049],[19.872367489000055,50.036711937000064],[19.87304122200004,50.037610248000078],[19.874388689000057,50.03805940400008],[19.874164111000027,50.038957715000038],[19.872592067000028,50.039182293000067],[19.871469178000041,50.038508559000036],[19.870795444000066,50.038957715000038],[19.870570866000037,50.039856026000052],[19.869223400000067,50.039856026000052],[19.868774244000065,50.040754337000067],[19.869897133000052,50.041877226000054],[19.868998822000037,50.041428071000041],[19.868774244000065,50.041428071000041],[19.868100511000023,50.041203493000069],[19.867426777000048,50.041652648000081],[19.866753044000063,50.041203493000069],[19.866528466000034,50.040305182000054],[19.866977622000036,50.03940687100004],[19.866528466000034,50.039182293000067],[19.864731844000062,50.039182293000067],[19.86428268800006,50.039856026000052],[19.863384377000045,50.040080604000082],[19.861812332000056,50.03963144800008],[19.861587755000073,50.038957715000038],[19.858219088000055,50.039182293000067],[19.857320777000041,50.038283982000053],[19.857769932000053,50.036487359000034],[19.855524154000022,50.037161093000066],[19.854176687000063,50.036262781000062],[19.85372753200005,50.037161093000066],[19.852829221000036,50.037385670000049],[19.851930910000078,50.038508559000036],[19.850808021000034,50.038733137000065],[19.84990970900003,50.037610248000078],[19.851930910000078,50.035813626000049],[19.853053799000065,50.033343270000046],[19.853278376000048,50.033343270000046],[19.853278376000048,50.032220381000059],[19.851706332000049,50.029974603000028],[19.849460554000075,50.029525448000072],[19.847214776000044,50.028402559000028],[19.840028286000063,50.027279670000041],[19.834189264000031,50.025707625000052],[19.833515530000057,50.025707625000052],[19.833290953000073,50.025707625000052],[19.832841797000071,50.027055092000069],[19.831269753000072,50.028627136000068],[19.829922286000055,50.031771226000046],[19.831045175000042,50.032444959000031],[19.832841797000071,50.032444959000031],[19.834638419000044,50.031546648000074],[19.835536731000047,50.032444959000031],[19.835087575000045,50.033567848000075],[19.833066375000044,50.034466159000033],[19.83082059700007,50.034466159000033],[19.827676508000025,50.033343270000046],[19.825655308000023,50.033567848000075],[19.824307841000063,50.032669537000061],[19.824307841000063,50.031546648000074],[19.824981574000049,50.031097492000072],[19.827227352000023,50.031322070000044],[19.827901086000054,50.030872914000042],[19.830146864000028,50.026830514000039],[19.831269753000072,50.025932203000082],[19.831269753000072,50.02525847000004],[19.829697708000026,50.02525847000004],[19.827901086000054,50.024135581000053],[19.826104463000036,50.024135581000053],[19.824756997000065,50.022788114000036],[19.825206152000078,50.021889803000079],[19.819142552000073,50.019419447000075],[19.813977262000037,50.019194869000046],[19.809261129000049,50.016724513000042],[19.808362818000035,50.017847402000029],[19.807239929000048,50.018296558000031],[19.806566195000073,50.017847402000029],[19.806341617000044,50.016949091000072],[19.807464506000031,50.016050780000057],[19.808362818000035,50.013580424000054],[19.809036551000077,50.013131269000041],[19.809934862000034,50.013580424000054],[19.810159440000064,50.014703313000041],[19.81285437300005,50.013805002000026],[19.813752685000054,50.014029580000056],[19.814201840000067,50.014703313000041],[19.813977262000037,50.015377047000072],[19.812405218000038,50.016050780000057],[19.812405218000038,50.016499936000059],[19.814201840000067,50.017173669000044],[19.814650996000069,50.017173669000044],[19.814650996000069,50.016724513000042],[19.814201840000067,50.015601624000055],[19.815100151000024,50.014703313000041],[19.815998463000028,50.015152469000043],[19.816447618000041,50.01627535800003],[19.817570507000028,50.015826202000028],[19.819142552000073,50.016050780000057],[19.819816285000059,50.017398247000074],[19.822735796000075,50.017173669000044],[19.824756997000065,50.01627535800003],[19.830146864000028,50.016499936000059],[19.831269753000072,50.017622825000046],[19.83082059700007,50.018521136000061],[19.835536731000047,50.016724513000042],[19.839803709000023,50.015826202000028],[19.838680820000036,50.014254158000028],[19.838905398000065,50.012682113000039],[19.835761308000031,50.013355846000081],[19.832392641000069,50.013131269000041],[19.831269753000072,50.012457535000067],[19.824756997000065,50.012906691000069],[19.823858685000062,50.011783802000082],[19.824756997000065,50.010885491000067],[19.827676508000025,50.010436335000065],[19.831494330000055,50.010436335000065],[19.832617219000042,50.01111006900004],[19.834862997000073,50.01133464600008],[19.83957913100005,50.010660913000038],[19.840252864000036,50.00976260200008],[19.840702020000037,50.007067668000047],[19.842049487000054,50.006393935000062],[19.842274064000037,50.005495624000048],[19.841375753000023,50.004372735000061],[19.842274064000037,50.003474424000046],[19.844070687000055,50.003474424000046],[19.84474442000004,50.005495624000048],[19.850358865000032,50.005495624000048],[19.851481754000076,50.000554912000041],[19.852829221000036,49.998758290000069],[19.852380065000034,49.997635401000082],[19.84990970900003,49.997410823000052],[19.84474442000004,50.000330334000068],[19.839803709000023,49.999881179000056],[19.838905398000065,49.998982868000041],[19.839803709000023,49.997859979000054],[19.844295265000028,49.998309134000067],[19.847663931000056,49.996287934000065],[19.84856224300006,49.996063356000036],[19.848786820000043,49.996063356000036],[19.849011398000073,49.994940467000049],[19.84990970900003,49.994266734000064],[19.848113087000058,49.992245534000062],[19.84856224300006,49.991122645000075],[19.850583443000062,49.990898067000046],[19.852829221000036,49.991571800000031],[19.853278376000048,49.990224334000061],[19.848113087000058,49.989999756000032],[19.847214776000044,49.989101445000074],[19.847663931000056,49.988203134000059],[19.854850421000037,49.988427711000043],[19.855748732000052,49.987304822000056],[19.860689444000059,49.987304822000056],[19.861587755000073,49.986181933000069],[19.862486066000031,49.98663108900007],[19.862935221000043,49.987529400000028],[19.864507266000032,49.98663108900007],[19.867651355000078,49.986181933000069],[19.868998822000037,49.987529400000028],[19.871244600000068,49.987529400000028],[19.872142911000026,49.985508200000027],[19.871693755000024,49.983936155000038],[19.872367489000055,49.98303784400008],[19.872367489000055,49.981016644000078],[19.866079311000078,49.979893755000035],[19.863833533000047,49.978995444000077],[19.862036910000029,49.977198822000048],[19.862935221000043,49.976075933000061],[19.865405577000047,49.977647977000061],[19.87304122200004,49.97922002200005],[19.873714956000072,49.977647977000061],[19.874837845000059,49.976974244000075],[19.874613267000029,49.975851355000032],[19.875062422000042,49.974953044000074],[19.876185311000029,49.974279310000043],[19.877083622000043,49.975177622000047],[19.876634467000031,49.976300510000044],[19.877083622000043,49.977647977000061],[19.87685904500006,49.977647977000061],[19.876634467000031,49.978321711000035],[19.875287000000071,49.978770866000048],[19.874837845000059,49.979893755000035],[19.882922645000065,49.981690378000053],[19.888986246000059,49.982139533000066],[19.891681179000045,49.983262422000053],[19.895049846000063,49.98303784400008],[19.898193935000052,49.983487000000082],[19.908299936000049,49.981016644000078],[19.910096558000077,49.981016644000078],[19.910545714000023,49.980567489000066],[19.912117758000022,49.980792066000049],[19.912791492000053,49.982364111000038],[19.916609314000027,49.98281326700004],[19.916833892000056,49.98281326700004],[19.916384736000055,49.982139533000066],[19.916609314000027,49.981016644000078],[19.917283048000058,49.980567489000066],[19.918181359000073,49.980792066000049],[19.918405937000045,49.979444600000079],[19.91930424800006,49.978995444000077],[19.919977981000045,49.979444600000079],[19.920202559000074,49.980567489000066],[19.921774603000074,49.98281326700004],[19.921774603000074,49.985283622000054],[19.921550026000034,49.985283622000054],[19.921325448000061,49.985957356000029],[19.920202559000074,49.986181933000069],[19.920876292000059,49.987753978000057],[19.92065171400003,49.988876867000045],[19.921325448000061,49.98955060000003],[19.92065171400003,49.992020956000033],[19.925143270000035,49.994042156000035],[19.926715315000024,49.995389623000051],[19.926939893000053,49.995165045000078],[19.927164470000037,49.995165045000078],[19.927389048000066,49.994940467000049],[19.927613626000038,49.994940467000049],[19.928287359000024,49.994715890000066],[19.929410248000067,49.994042156000035],[19.929185671000027,49.994042156000035],[19.92963482600004,49.992919267000048],[19.92806278200004,49.990448911000044],[19.928511937000053,49.989775178000059],[19.929410248000067,49.98955060000003],[19.929185671000027,49.988876867000045],[19.926266159000022,49.988876867000045],[19.924694115000023,49.988203134000059],[19.924244959000077,49.987304822000056],[19.92446953700005,49.987304822000056],[19.925592426000037,49.985957356000029],[19.926490737000051,49.986181933000069],[19.926715315000024,49.986855667000043],[19.929185671000027,49.986855667000043],[19.930757715000027,49.986406511000041],[19.930982293000056,49.985508200000027],[19.931656026000041,49.985059044000081],[19.936372160000076,49.983936155000038],[19.934575538000047,49.983262422000053],[19.93345264900006,49.982139533000066],[19.932778915000029,49.980342911000037],[19.931431449000058,49.97922002200005],[19.931880604000071,49.977872555000033],[19.932554338000045,49.977647977000061],[19.934350960000074,49.978995444000077],[19.935024693000059,49.981016644000078],[19.936147582000046,49.980118333000064],[19.936596738000048,49.980118333000064],[19.936596738000048,49.978995444000077],[19.937495049000063,49.978097133000063],[19.938393360000077,49.978546288000075],[19.93861793800005,49.980118333000064],[19.943109494000055,49.979444600000079],[19.944456961000071,49.977423399000031],[19.944681538000054,49.975626777000059],[19.945804427000041,49.974279310000043],[19.946029005000071,49.974279310000043],[19.946029005000071,49.972931844000072],[19.946702739000045,49.971359799000027],[19.94737647200003,49.971135221000054],[19.948274783000045,49.971584377000056],[19.94894851600003,49.970910643000082]]],[[[19.816896774000043,50.032444959000031],[19.819816285000059,50.033792426000048],[19.824981574000049,50.035139892000075],[19.829248552000024,50.037610248000078],[19.830596019000041,50.036487359000034],[19.831269753000072,50.036936515000036],[19.831494330000055,50.037834826000051],[19.836435042000062,50.03805940400008],[19.84115117500005,50.040529760000027],[19.841375753000023,50.040754337000067],[19.840252864000036,50.041652648000081],[19.840702020000037,50.042775537000068],[19.840252864000036,50.042326382000056],[19.840028286000063,50.042326382000056],[19.837108775000047,50.042326382000056],[19.836659620000034,50.043449271000043],[19.835087575000045,50.043898426000055],[19.834189264000031,50.043449271000043],[19.831943486000057,50.044347582000057],[19.831045175000042,50.045470471000044],[19.830146864000028,50.044796738000059],[19.828799397000068,50.045021315000042],[19.828574819000039,50.045021315000042],[19.828125663000037,50.046817938000061],[19.827451930000052,50.047267093000073],[19.82700277400005,50.050635760000034],[19.826778197000067,50.050635760000034],[19.826329041000065,50.051983227000051],[19.826553619000038,50.051983227000051],[19.827451930000052,50.052432383000053],[19.828574819000039,50.054229005000082],[19.830146864000028,50.054678161000027],[19.83082059700007,50.055576472000041],[19.833740108000029,50.055576472000041],[19.834189264000031,50.056474783000056],[19.833964686000058,50.056474783000056],[19.833740108000029,50.057148516000041],[19.833515530000057,50.057148516000041],[19.833740108000029,50.057597672000043],[19.833964686000058,50.057597672000043],[19.835312153000075,50.058046827000055],[19.837557931000049,50.057148516000041],[19.838456242000063,50.058046827000055],[19.837557931000049,50.059169716000042],[19.838007086000061,50.060068028000046],[19.837782509000078,50.060068028000046],[19.837108775000047,50.060966339000061],[19.830596019000041,50.058495983000057],[19.830371441000068,50.058495983000057],[19.831045175000042,50.060292605000029],[19.833290953000073,50.061415494000073],[19.836884197000074,50.061190917000033],[19.838456242000063,50.06253838300006],[19.837557931000049,50.063661272000047],[19.83598588600006,50.063212117000035],[19.835536731000047,50.064110428000049],[19.835087575000045,50.064335006000078],[19.834862997000073,50.064335006000078],[19.834638419000044,50.065233317000036],[19.833740108000029,50.065682472000049],[19.832841797000071,50.064784161000034],[19.832617219000042,50.062987539000062],[19.829922286000055,50.061640072000046],[19.828350241000066,50.062089228000048],[19.827451930000052,50.061190917000033],[19.827676508000025,50.060741761000031],[19.826778197000067,50.060292605000029],[19.826778197000067,50.059169716000042],[19.827676508000025,50.05872056100003],[19.827901086000054,50.05872056100003],[19.827901086000054,50.05737309400007],[19.82700277400005,50.056699361000028],[19.827227352000023,50.055351894000069],[19.826553619000038,50.054678161000027],[19.824307841000063,50.054902738000067],[19.823409530000049,50.054004427000052],[19.823634108000078,50.053106116000038],[19.824307841000063,50.052881538000065],[19.824083263000034,50.051758649000078],[19.824756997000065,50.051084916000036],[19.825206152000078,50.048614560000033],[19.822960374000047,50.04838998200006],[19.822511219000035,50.048839138000062],[19.821163752000075,50.048839138000062],[19.820714596000073,50.04838998200006],[19.818693396000072,50.048165404000031],[19.81801966300003,50.047042516000033],[19.81824424000007,50.045919627000046],[19.819142552000073,50.045245893000072],[19.820040863000031,50.045695049000074],[19.82026544100006,50.046368782000059],[19.823634108000078,50.046368782000059],[19.823184952000076,50.044796738000059],[19.821163752000075,50.044347582000057],[19.820939174000046,50.045021315000042],[19.819591707000029,50.045245893000072],[19.818693396000072,50.044347582000057],[19.818917974000044,50.043898426000055],[19.813977262000037,50.043000115000041],[19.810833173000049,50.04322469300007],[19.809934862000034,50.042326382000056],[19.809934862000034,50.040529760000027],[19.811057751000078,50.03963144800008],[19.811731484000063,50.040080604000082],[19.811956062000036,50.040978915000039],[19.815998463000028,50.041428071000041],[19.815324729000054,50.040080604000082],[19.816447618000041,50.039182293000067],[19.81824424000007,50.040529760000027],[19.818468818000042,50.041877226000054],[19.821388330000048,50.041877226000054],[19.824532419000036,50.042550960000028],[19.824756997000065,50.042550960000028],[19.824981574000049,50.042550960000028],[19.824532419000036,50.041203493000069],[19.820490018000044,50.038733137000065],[19.82026544100006,50.037385670000049],[19.820490018000044,50.037385670000049],[19.820939174000046,50.036487359000034],[19.820714596000073,50.036487359000034],[19.820040863000031,50.035813626000049],[19.818917974000044,50.035813626000049],[19.81801966300003,50.036711937000064],[19.815324729000054,50.037385670000049],[19.813078951000023,50.039182293000067],[19.811956062000036,50.038733137000065],[19.812180640000065,50.036038204000079],[19.813977262000037,50.034690737000062],[19.816223040000068,50.034466159000033],[19.815549307000026,50.033343270000046],[19.815773885000056,50.033343270000046],[19.815998463000028,50.032669537000061],[19.816896774000043,50.032444959000031]]],[[[19.841375753000023,50.040754337000067],[19.841600331000052,50.040754337000067],[19.843172376000041,50.041877226000054],[19.841375753000023,50.040754337000067]]],[[[19.868998822000037,50.050186605000079],[19.869672555000022,50.050635760000034],[19.869672555000022,50.051084916000036],[19.868774244000065,50.050860338000064],[19.868774244000065,50.050635760000034],[19.868998822000037,50.050635760000034],[19.869223400000067,50.050635760000034],[19.868998822000037,50.050186605000079]]],[[[19.868774244000065,50.050860338000064],[19.86787593300005,50.051534071000049],[19.868549666000035,50.050860338000064],[19.868774244000065,50.050860338000064]]],[[[19.992516608000074,50.05220780500008],[19.992965764000076,50.05220780500008],[19.992741186000046,50.052656960000036],[19.992516608000074,50.05220780500008]]],[[[19.992741186000046,50.052656960000036],[19.998131053000066,50.054229005000082],[19.998355631000038,50.054453583000054],[19.992741186000046,50.052656960000036]]]]},"properties":{"OBJECTID":1,"FacilityID":5,"Name":" : 10 - 15","FromBreak":10,"ToBreak":15,"Shape_Length":3.5942325893039997,"Shape_Area":0.013994351772868523}},{"type":"Feature","id":2,"geometry":{"type":"MultiPolygon","coordinates":[[[[19.954562961000022,50.087017363000029],[19.952990917000022,50.085894474000042],[19.952092606000065,50.084097851000081],[19.951194294000061,50.083648696000068],[19.949397672000032,50.08028002900005],[19.946927316000028,50.081627496000067],[19.945579850000058,50.08028002900005],[19.945355272000029,50.079381718000036],[19.945130694000056,50.079381718000036],[19.945355272000029,50.078707984000062],[19.945130694000056,50.078707984000062],[19.944456961000071,50.078258829000049],[19.944007805000069,50.078483407000078],[19.94378322700004,50.078483407000078],[19.943558649000067,50.079606296000065],[19.942884916000025,50.080055451000078],[19.940863716000024,50.080055451000078],[19.940639138000051,50.080055451000078],[19.940189982000049,50.082076651000079],[19.939516249000064,50.082301229000052],[19.93861793800005,50.081402918000038],[19.937944205000065,50.082750385000054],[19.93861793800005,50.082974963000026],[19.938842516000022,50.083648696000068],[19.93861793800005,50.083648696000068],[19.937495049000063,50.084771585000055],[19.938393360000077,50.084996163000028],[19.938842516000022,50.085894474000042],[19.937944205000065,50.086792785000057],[19.934575538000047,50.085894474000042],[19.933901804000072,50.085220740000068],[19.931431449000058,50.084996163000028],[19.931431449000058,50.085445318000041],[19.930533137000054,50.085894474000042],[19.929859404000069,50.084996163000028],[19.92806278200004,50.084771585000055],[19.927613626000038,50.083873274000041],[19.928511937000053,50.082974963000026],[19.928736515000026,50.082974963000026],[19.930083982000042,50.082974963000026],[19.930757715000027,50.082525807000081],[19.931206871000029,50.082974963000026],[19.933003493000058,50.082974963000026],[19.931880604000071,50.082525807000081],[19.931431449000058,50.081627496000067],[19.931656026000041,50.081627496000067],[19.932329760000073,50.080729185000052],[19.933677226000043,50.080729185000052],[19.934126382000045,50.080729185000052],[19.93345264900006,50.079830873000049],[19.933901804000072,50.078932562000034],[19.933003493000058,50.078258829000049],[19.93345264900006,50.077135940000062],[19.933003493000058,50.076237629000047],[19.932105182000043,50.07668678400006],[19.932329760000073,50.077585095000074],[19.932105182000043,50.077585095000074],[19.931880604000071,50.078258829000049],[19.930308560000071,50.078258829000049],[19.92963482600004,50.078932562000034],[19.930982293000056,50.079606296000065],[19.930982293000056,50.080729185000052],[19.927838204000068,50.081852074000039],[19.927389048000066,50.082750385000054],[19.92604158100005,50.083424118000039],[19.925592426000037,50.084547007000026],[19.92446953700005,50.084996163000028],[19.923346648000063,50.084547007000026],[19.923122070000034,50.083648696000068],[19.92446953700005,50.082301229000052],[19.921550026000034,50.082525807000081],[19.92065171400003,50.081627496000067],[19.92065171400003,50.080729185000052],[19.91930424800006,50.081178340000065],[19.919079670000031,50.081178340000065],[19.920427137000047,50.082301229000052],[19.919977981000045,50.083199540000066],[19.917058470000029,50.083873274000041],[19.916833892000056,50.084547007000026],[19.915935581000042,50.084996163000028],[19.915037270000028,50.084322429000053],[19.914812692000055,50.083424118000039],[19.913240647000066,50.084547007000026],[19.912342336000052,50.083648696000068],[19.910994869000035,50.083424118000039],[19.910545714000023,50.082525807000081],[19.908299936000049,50.082301229000052],[19.907401625000034,50.081178340000065],[19.907626202000074,50.080729185000052],[19.90672789100006,50.078932562000034],[19.905829580000045,50.079381718000036],[19.904706691000058,50.079157140000063],[19.904482113000029,50.079157140000063],[19.904931269000031,50.079830873000049],[19.904706691000058,50.08050460700008],[19.903359224000042,50.081402918000038],[19.902460913000027,50.080953762000036],[19.902011758000071,50.079830873000049],[19.900664291000055,50.080729185000052],[19.899541402000068,50.079381718000036],[19.896846468000035,50.08050460700008],[19.895499002000065,50.08028002900005],[19.895049846000063,50.079381718000036],[19.895499002000065,50.078707984000062],[19.899316824000039,50.077360518000035],[19.898867668000037,50.076237629000047],[19.898643091000054,50.076237629000047],[19.898643091000054,50.074441006000029],[19.900664291000055,50.073991851000073],[19.900888869000028,50.073542695000071],[19.898643091000054,50.073542695000071],[19.897969357000022,50.074216429000046],[19.894376113000078,50.07511474000006],[19.893477801000074,50.073991851000073],[19.888761668000029,50.074441006000029],[19.888087934000055,50.074890162000031],[19.88718962300004,50.074216429000046],[19.886965045000068,50.073093540000059],[19.887863357000072,50.071746073000043],[19.888986246000059,50.071072339000068],[19.891681179000045,50.070847762000028],[19.891905757000075,50.070847762000028],[19.891905757000075,50.068826562000027],[19.892130335000047,50.068826562000027],[19.89235491200003,50.068152828000052],[19.899541402000068,50.067029939000065],[19.899765980000041,50.066805361000036],[19.899990557000024,50.066805361000036],[19.899765980000041,50.06635620600008],[19.899990557000024,50.06635620600008],[19.900215135000053,50.065682472000049],[19.902011758000071,50.065457895000065],[19.901787180000042,50.064335006000078],[19.896621891000052,50.066131628000051],[19.895274424000036,50.065907050000078],[19.894825268000034,50.065233317000036],[19.895723579000048,50.064110428000049],[19.901113446000068,50.06253838300006],[19.900888869000028,50.061864650000075],[19.898643091000054,50.059618872000044],[19.89617273500005,50.059843450000074],[19.893477801000074,50.061640072000046],[19.89100744600006,50.061864650000075],[19.890558290000058,50.06253838300006],[19.889210823000042,50.062987539000062],[19.889884557000073,50.065008739000064],[19.888986246000059,50.065907050000078],[19.88718962300004,50.065008739000064],[19.886965045000068,50.064335006000078],[19.88718962300004,50.064335006000078],[19.88741420100007,50.063661272000047],[19.883820956000022,50.064784161000034],[19.883147223000037,50.064335006000078],[19.882922645000065,50.063436694000075],[19.883820956000022,50.06253838300006],[19.889435401000071,50.060966339000061],[19.890782868000031,50.059843450000074],[19.893253224000034,50.059618872000044],[19.895948157000078,50.057822250000072],[19.898867668000037,50.05737309400007],[19.900888869000028,50.056025627000054],[19.90156260200007,50.056025627000054],[19.90156260200007,50.055127316000039],[19.900664291000055,50.054902738000067],[19.900439713000026,50.054229005000082],[19.895274424000036,50.054004427000052],[19.895049846000063,50.054004427000052],[19.895274424000036,50.055351894000069],[19.894151535000049,50.056474783000056],[19.89257949000006,50.056474783000056],[19.891456601000073,50.055351894000069],[19.89100744600006,50.056250205000026],[19.889435401000071,50.057148516000041],[19.88718962300004,50.05737309400007],[19.886291312000026,50.056474783000056],[19.88718962300004,50.055351894000069],[19.889659979000044,50.054678161000027],[19.889884557000073,50.054678161000027],[19.890558290000058,50.052881538000065],[19.891905757000075,50.051758649000078],[19.900215135000053,50.05220780500008],[19.900215135000053,50.051084916000036],[19.900439713000026,50.051084916000036],[19.901113446000068,50.050186605000079],[19.90133802400004,50.049962027000049],[19.90156260200007,50.049737449000077],[19.90133802400004,50.050635760000034],[19.902460913000027,50.051534071000049],[19.903808380000044,50.050186605000079],[19.905605002000073,50.050635760000034],[19.906278736000047,50.049737449000077],[19.90650331300003,50.049737449000077],[19.908973669000034,50.049288293000075],[19.911444025000037,50.047940827000048],[19.912342336000052,50.047940827000048],[19.916833892000056,50.049512871000047],[19.917058470000029,50.049512871000047],[19.917956781000044,50.050411182000062],[19.918855092000058,50.050186605000079],[19.919079670000031,50.050186605000079],[19.920427137000047,50.050635760000034],[19.921325448000061,50.051758649000078],[19.924244959000077,50.052656960000036],[19.925367848000064,50.052432383000053],[19.925817004000066,50.051084916000036],[19.927613626000038,50.050411182000062],[19.928736515000026,50.051534071000049],[19.92806278200004,50.051309494000066],[19.927389048000066,50.05220780500008],[19.927164470000037,50.05220780500008],[19.927613626000038,50.05355527200004],[19.926490737000051,50.055351894000069],[19.927389048000066,50.056025627000054],[19.927389048000066,50.056250205000026],[19.92806278200004,50.056025627000054],[19.929410248000067,50.054229005000082],[19.930308560000071,50.054453583000054],[19.930982293000056,50.054004427000052],[19.930982293000056,50.053106116000038],[19.931880604000071,50.052881538000065],[19.932778915000029,50.051758649000078],[19.932778915000029,50.050186605000079],[19.933003493000058,50.050186605000079],[19.938168782000048,50.051983227000051],[19.939965405000066,50.051534071000049],[19.941088294000053,50.05220780500008],[19.941762027000038,50.051309494000066],[19.941986605000068,50.051309494000066],[19.941762027000038,50.050411182000062],[19.940189982000049,50.049737449000077],[19.939067094000052,50.04838998200006],[19.938168782000048,50.049288293000075],[19.937944205000065,50.049288293000075],[19.933901804000072,50.04838998200006],[19.935024693000059,50.046817938000061],[19.935923004000074,50.042775537000068],[19.937495049000063,50.040305182000054],[19.937719627000035,50.040305182000054],[19.937270471000033,50.039182293000067],[19.936596738000048,50.038957715000038],[19.935473849000061,50.039856026000052],[19.934126382000045,50.042550960000028],[19.933901804000072,50.042550960000028],[19.932778915000029,50.043449271000043],[19.931880604000071,50.044796738000059],[19.931431449000058,50.044796738000059],[19.931656026000041,50.043673849000072],[19.930757715000027,50.042775537000068],[19.92963482600004,50.043449271000043],[19.929410248000067,50.044347582000057],[19.928736515000026,50.044347582000057],[19.929410248000067,50.043449271000043],[19.928961093000055,50.042550960000028],[19.92806278200004,50.042326382000056],[19.927389048000066,50.042775537000068],[19.927838204000068,50.041877226000054],[19.927613626000038,50.040529759000037],[19.927838204000068,50.040529759000037],[19.92806278200004,50.040529759000037],[19.928511937000053,50.03963144800008],[19.927838204000068,50.038733137000065],[19.926715315000024,50.038508559000036],[19.926715315000024,50.036711937000064],[19.929185671000027,50.037385670000049],[19.929859404000069,50.036936515000036],[19.931880604000071,50.036936515000036],[19.932105182000043,50.036936515000036],[19.933003493000058,50.035813626000049],[19.931880604000071,50.034690737000062],[19.930308560000071,50.034466159000033],[19.92963482600004,50.035139892000075],[19.928511937000053,50.035364470000047],[19.926715315000024,50.034466159000033],[19.926939893000053,50.031322070000044],[19.931880604000071,50.031322070000044],[19.932778915000029,50.03042375900003],[19.932554338000045,50.029750025000055],[19.931880604000071,50.029300870000043],[19.929859404000069,50.029300870000043],[19.92963482600004,50.029300870000043],[19.928961093000055,50.028402559000028],[19.927838204000068,50.029300870000043],[19.926715315000024,50.029300870000043],[19.92604158100005,50.028402559000028],[19.924244959000077,50.028402559000028],[19.923122070000034,50.029974603000028],[19.920876292000059,50.03042375900003],[19.918630514000029,50.027504247000081],[19.916609314000027,50.028177981000056],[19.916384736000055,50.028851714000041],[19.917058470000029,50.029974603000028],[19.915037270000028,50.029300870000043],[19.914812692000055,50.029300870000043],[19.915037270000028,50.028402559000028],[19.914138958000024,50.027504247000081],[19.912791492000053,50.028627136000068],[19.910545714000023,50.027728825000054],[19.909422825000036,50.027953403000026],[19.908973669000034,50.028851714000041],[19.909422825000036,50.029525448000072],[19.910770292000052,50.029974603000028],[19.910545714000023,50.031771226000046],[19.910994869000035,50.032669537000061],[19.911219447000065,50.032669537000061],[19.912566914000024,50.033118692000073],[19.913689803000068,50.03424158100006],[19.915935581000042,50.035139892000075],[19.917732203000071,50.037385670000049],[19.91930424800006,50.038283982000053],[19.91930424800006,50.040529759000037],[19.919079670000031,50.040529759000037],[19.917732203000071,50.040080604000082],[19.916833892000056,50.041203493000069],[19.916609314000027,50.041203493000069],[19.917058470000029,50.042101804000026],[19.919079670000031,50.042775537000068],[19.918181359000073,50.043673849000072],[19.914363536000053,50.043000115000041],[19.911219447000065,50.043898426000055],[19.910994869000035,50.043898426000055],[19.910096558000077,50.04322469300007],[19.909647403000065,50.042101804000026],[19.907626202000074,50.041877226000054],[19.90672789100006,50.043000115000041],[19.907177047000062,50.043673849000072],[19.908524514000078,50.044123004000028],[19.907850780000047,50.044347582000057],[19.905605002000073,50.043898426000055],[19.904032958000073,50.042775537000068],[19.903359224000042,50.041428071000041],[19.902460913000027,50.041203493000069],[19.901787180000042,50.042101804000026],[19.90156260200007,50.042101804000026],[19.90156260200007,50.041877226000054],[19.90133802400004,50.041877226000054],[19.899092246000066,50.039856026000052],[19.898867668000037,50.038957715000038],[19.896621891000052,50.03805940400008],[19.894376113000078,50.037610248000078],[19.888537090000057,50.037610248000078],[19.886740468000028,50.036487359000034],[19.884270112000024,50.036936515000036],[19.882248912000023,50.038508559000036],[19.878655667000032,50.038957715000038],[19.877083622000043,50.038283982000053],[19.876185311000029,50.038508559000036],[19.875736156000073,50.040080604000082],[19.873490378000042,50.042101804000026],[19.871693755000024,50.042326382000056],[19.869897133000052,50.041877226000054],[19.868774244000065,50.040754337000067],[19.869223400000067,50.039856026000052],[19.870570866000037,50.039856026000052],[19.870795444000066,50.038957715000038],[19.871469178000041,50.038508559000036],[19.872592067000028,50.039182293000067],[19.874164111000027,50.038957715000038],[19.874388689000057,50.03805940400008],[19.87304122200004,50.037610248000078],[19.872367489000055,50.036711937000064],[19.872816644000068,50.035813626000049],[19.873714956000072,50.035589048000077],[19.875287000000071,50.036487359000034],[19.877308200000073,50.036262781000062],[19.879553978000047,50.036936515000036],[19.88202433400005,50.036487359000034],[19.882473490000052,50.035589048000077],[19.877757356000075,50.035364470000047],[19.868100511000023,50.033792426000048],[19.859566555000072,50.030648337000059],[19.858668243000068,50.030648337000059],[19.858443666000028,50.031322070000044],[19.857545354000024,50.031546648000074],[19.856422465000037,50.030199181000057],[19.854625843000065,50.030199181000057],[19.853952110000023,50.029750025000055],[19.85372753200005,50.028851714000041],[19.854176687000063,50.028177981000056],[19.858443666000028,50.028177981000056],[19.858443666000028,50.027728825000054],[19.859566555000072,50.027279670000041],[19.860689444000059,50.025707625000052],[19.861587755000073,50.02548304700008],[19.862486066000031,50.026605936000067],[19.860689444000059,50.02907629200007],[19.865854733000049,50.030648337000059],[19.867426777000048,50.031546648000074],[19.877981934000047,50.033343270000046],[19.885168423000039,50.033792426000048],[19.888312512000027,50.034915315000035],[19.888761668000029,50.035589048000077],[19.894600690000061,50.035589048000077],[19.895948157000078,50.036038204000079],[19.899765980000041,50.03424158100006],[19.903134647000059,50.034017003000031],[19.905829580000045,50.032444959000031],[19.908299936000049,50.031771226000046],[19.908075358000076,50.031097492000072],[19.908524514000078,50.03042375900003],[19.904482113000029,50.031097492000072],[19.902685491000057,50.029750025000055],[19.902236335000055,50.028851714000041],[19.898867668000037,50.028851714000041],[19.89774477900005,50.027953403000026],[19.896621891000052,50.027728825000054],[19.895723579000048,50.026605936000067],[19.895723579000048,50.025932203000082],[19.896621891000052,50.025033892000067],[19.898867668000037,50.026605936000067],[19.899765980000041,50.025707625000052],[19.901787180000042,50.025932203000082],[19.901787180000042,50.02548304700008],[19.900664291000055,50.025033892000067],[19.900664291000055,50.02391100300008],[19.897969357000022,50.021665225000049],[19.893702379000047,50.023686425000051],[19.892804068000032,50.022563536000064],[19.891905757000075,50.022563536000064],[19.890782868000031,50.023461847000078],[19.886066734000053,50.022563536000064],[19.885393001000068,50.022788114000036],[19.883147223000037,50.021665225000049],[19.882922645000065,50.020991491000075],[19.883371801000067,50.020317758000033],[19.880003134000049,50.020542336000062],[19.880227712000078,50.021889803000079],[19.879329400000074,50.022788114000036],[19.87843108900006,50.022338958000034],[19.87820651100003,50.021216069000047],[19.877757356000075,50.021216069000047],[19.877308200000073,50.020317758000033],[19.876634467000031,50.02009318000006],[19.875062422000042,50.020542336000062],[19.873939533000055,50.019868602000031],[19.87326580000007,50.020542336000062],[19.871918333000053,50.020542336000062],[19.871469178000041,50.019868602000031],[19.871693755000024,50.018970291000073],[19.873939533000055,50.017622825000046],[19.874837845000059,50.017622825000046],[19.874837845000059,50.017173669000044],[19.869223400000067,50.016499936000059],[19.868325088000063,50.015377047000072],[19.869223400000067,50.014478735000068],[19.875062422000042,50.015152469000043],[19.874837845000059,50.011559224000052],[19.874164111000027,50.00976260200008],[19.87304122200004,50.008864291000066],[19.872592067000028,50.007741402000079],[19.868998822000037,50.007741402000079],[19.868100511000023,50.007067668000047],[19.86787593300005,50.006393935000062],[19.868774244000065,50.005495624000048],[19.871693755000024,50.005495624000048],[19.869672555000022,50.004821890000073],[19.867426777000048,50.003025268000044],[19.867202200000065,50.00212695700003],[19.867651355000078,50.001453223000055],[19.868325088000063,50.001228646000072],[19.868998822000037,50.001902379000057],[19.870346289000054,50.00212695700003],[19.871020022000039,50.003249846000074],[19.872592067000028,50.002351535000059],[19.873714956000072,50.00369900100003],[19.875736156000073,50.004821890000073],[19.87685904500006,50.003923579000059],[19.87820651100003,50.00369900100003],[19.879104823000034,50.004821890000073],[19.87820651100003,50.005720201000031],[19.880452289000061,50.006169357000033],[19.886740468000028,50.00594477900006],[19.887863357000072,50.004597313000033],[19.888537090000057,50.004821890000073],[19.888986246000059,50.005720201000031],[19.890333712000029,50.005720201000031],[19.890109134000056,50.004372735000061],[19.891232023000043,50.003474424000046],[19.89235491200003,50.004821890000073],[19.89257949000006,50.006618513000035],[19.895274424000036,50.006393935000062],[19.895274424000036,50.004821890000073],[19.896397313000023,50.003923579000059],[19.897071046000065,50.004372735000061],[19.897295624000037,50.005271046000075],[19.898193935000052,50.005046468000046],[19.898643091000054,50.005495624000048],[19.904706691000058,50.005720201000031],[19.905829580000045,50.005046468000046],[19.90672789100006,50.00594477900006],[19.906278736000047,50.006843090000075],[19.908749091000061,50.008415135000064],[19.913914381000041,50.008415135000064],[19.914812692000055,50.007516824000049],[19.917507625000042,50.006393935000062],[19.921550026000034,50.006618513000035],[19.921774603000074,50.005046468000046],[19.922448337000048,50.004821890000073],[19.921999181000047,50.00369900100003],[19.919079670000031,50.00369900100003],[19.914363536000053,50.00212695700003],[19.915711003000069,50.004372735000061],[19.915261847000068,50.005046468000046],[19.914363536000053,50.005271046000075],[19.913240647000066,50.004372735000061],[19.912117758000022,50.00212695700003],[19.908973669000034,50.002576112000042],[19.906952469000032,50.00077949000007],[19.907401625000034,49.999656601000027],[19.909198247000063,49.999207445000081],[19.908749091000061,49.998309134000067],[19.909647403000065,49.997410823000052],[19.913240647000066,49.997410823000052],[19.913689803000068,49.996512512000038],[19.914363536000053,49.996287934000065],[19.915261847000068,49.99718624500008],[19.915261847000068,49.998084556000038],[19.916833892000056,49.997635401000082],[19.916833892000056,49.99718624500008],[19.917732203000071,49.996737090000067],[19.917732203000071,49.99561420100008],[19.916384736000055,49.994042156000035],[19.91189318000005,49.993817578000062],[19.910096558000077,49.992694689000075],[19.908075358000076,49.992245534000062],[19.903583802000071,49.992020956000033],[19.902236335000055,49.990898067000046],[19.902685491000057,49.989999756000032],[19.903808380000044,49.989775178000059],[19.909647403000065,49.990448911000044],[19.911444025000037,49.991571800000031],[19.913016069000037,49.99179637800006],[19.915261847000068,49.990898067000046],[19.913914381000041,49.988427711000043],[19.914138958000024,49.987529400000028],[19.915037270000028,49.987080245000072],[19.915935581000042,49.987753978000057],[19.917956781000044,49.99179637800006],[19.921999181000047,49.992919267000048],[19.926490737000051,49.99561420100008],[19.930083982000042,49.994266734000064],[19.931206871000029,49.992919267000048],[19.933677226000043,49.992919267000048],[19.934126382000045,49.994042156000035],[19.93322807100003,49.995389623000051],[19.931206871000029,49.99561420100008],[19.928511937000053,49.99718624500008],[19.931206871000029,49.998982868000041],[19.934575538000047,50.000105757000028],[19.937045893000061,50.000330334000068],[19.937719627000035,49.999207445000081],[19.939516249000064,49.998982868000041],[19.940639138000051,50.000105757000028],[19.942884916000025,50.000105757000028],[19.94378322700004,50.001228646000072],[19.943334072000027,50.001902379000057],[19.942435760000023,50.00212695700003],[19.942435760000023,50.002576112000042],[19.94378322700004,50.004148157000031],[19.947825627000043,50.003474424000046],[19.950071405000074,50.001677801000028],[19.951418872000033,50.001677801000028],[19.952317183000048,50.002576112000042],[19.952092606000065,50.003249846000074],[19.950520561000076,50.00369900100003],[19.949846828000034,50.004597313000033],[19.958829939000054,50.00369900100003],[19.960851140000045,50.00369900100003],[19.96152487300003,50.004148157000031],[19.96174945100006,50.004821890000073],[19.960851140000045,50.005720201000031],[19.956808739000053,50.00594477900006],[19.955236695000053,50.006618513000035],[19.954338384000039,50.006169357000033],[19.954113806000066,50.007067668000047],[19.959503673000029,50.007067668000047],[19.960401984000043,50.008190557000034],[19.959503673000029,50.009088868000049],[19.952990917000022,50.009088868000049],[19.953440072000035,50.00976260200008],[19.953215495000052,50.01133464600008],[19.954787539000051,50.010885491000067],[19.955910428000038,50.009538024000051],[19.956808739000053,50.009987180000053],[19.957033317000025,50.010660913000038],[19.958380784000042,50.01111006900004],[19.958605362000071,50.010211757000036],[19.959279095000056,50.00976260200008],[19.960177406000071,50.00976260200008],[19.961300295000058,50.010660913000038],[19.962198606000072,50.00976260200008],[19.964444384000046,50.009538024000051],[19.965791851000063,50.010211757000036],[19.966241007000065,50.012008380000054],[19.967139318000022,50.012008380000054],[19.972529185000042,50.007741402000079],[19.973652074000029,50.007741402000079],[19.974101229000041,50.008415135000064],[19.973876652000058,50.009313446000078],[19.968711362000022,50.013355846000081],[19.970058829000038,50.013131269000041],[19.970732562000023,50.013805002000026],[19.972304607000069,50.013805002000026],[19.973652074000029,50.013131269000041],[19.974774963000073,50.013355846000081],[19.975224118000028,50.014254158000028],[19.974774963000073,50.015152469000043],[19.976347007000072,50.015152469000043],[19.978592785000046,50.016499936000059],[19.978592785000046,50.02009318000006],[19.979266519000078,50.019644025000048],[19.978817363000076,50.018521136000061],[19.979940252000063,50.017173669000044],[19.980838563000077,50.017398247000074],[19.98106314100005,50.018071980000059],[19.982635186000039,50.017398247000074],[19.985330119000025,50.017398247000074],[19.986003852000067,50.01627535800003],[19.987800475000029,50.015377047000072],[19.988923364000073,50.016724513000042],[19.988474208000071,50.017398247000074],[19.987126741000054,50.017847402000029],[19.987126741000054,50.018296558000031],[19.987575897000056,50.018296558000031],[19.989147942000045,50.017398247000074],[19.989597097000058,50.016499936000059],[19.990944564000074,50.01627535800003],[19.994088653000063,50.014478735000068],[19.996334431000037,50.014029580000056],[19.998580209000067,50.012906691000069],[19.999927676000027,50.013131269000041],[20.00037683100004,50.014029580000056],[19.999927676000027,50.014703313000041],[19.992741186000046,50.017173669000044],[19.988698786000043,50.019644025000048],[19.988698786000043,50.02009318000006],[19.989147942000045,50.02009318000006],[19.990944564000074,50.022114380000062],[19.990495408000072,50.023237269000049],[19.989372519000028,50.023237269000049],[19.988025053000058,50.021665225000049],[19.986677586000042,50.020991491000075],[19.982859763000022,50.023237269000049],[19.983308919000024,50.023686425000051],[19.986902164000071,50.02391100300008],[19.988025053000058,50.024584736000065],[19.993414920000077,50.02391100300008],[19.994313231000035,50.024809314000038],[19.993864075000033,50.025707625000052],[19.990270830000043,50.026381358000037],[19.990719986000045,50.027504247000081],[19.989597097000058,50.028402559000028],[19.988025053000058,50.027279670000041],[19.988025053000058,50.026830514000039],[19.986677586000042,50.027953403000026],[19.98465638600004,50.026830514000039],[19.98465638600004,50.025707625000052],[19.983084341000051,50.025707625000052],[19.982186030000037,50.025033892000067],[19.981287719000022,50.025932203000082],[19.979266519000078,50.025707625000052],[19.978592785000046,50.026605936000067],[19.981512297000052,50.027953403000026],[19.982186030000037,50.028851714000041],[19.981961452000064,50.029525448000072],[19.980838563000077,50.029974603000028],[19.977020741000047,50.027953403000026],[19.972304607000069,50.032669537000061],[19.974325807000071,50.033343270000046],[19.97724531800003,50.030648337000059],[19.978368207000074,50.030199181000057],[19.979491096000061,50.030648337000059],[19.979491096000061,50.031771226000046],[19.978143630000034,50.032444959000031],[19.977469896000059,50.033792426000048],[19.97589785200006,50.03424158100006],[19.972978340000054,50.036936515000036],[19.971855451000067,50.036487359000034],[19.971630874000027,50.034466159000033],[19.97050798500004,50.03424158100006],[19.967363896000052,50.037385670000049],[19.967363896000052,50.038957715000038],[19.965118118000078,50.040754337000067],[19.965118118000078,50.041203493000069],[19.966241007000065,50.041877226000054],[19.968711362000022,50.041877226000054],[19.970957140000053,50.043000115000041],[19.971855451000067,50.041652648000081],[19.973652074000029,50.040978915000039],[19.973202918000027,50.040080604000082],[19.973427496000056,50.039182293000067],[19.97589785200006,50.038508559000036],[19.976122429000043,50.037161093000066],[19.976796163000074,50.036711937000064],[19.977694474000032,50.037161093000066],[19.978592785000046,50.03963144800008],[19.981512297000052,50.03963144800008],[19.982635186000039,50.038283982000053],[19.983308919000024,50.038508559000036],[19.983758074000036,50.03940687100004],[19.984880963000023,50.038733137000065],[19.985554697000055,50.03940687100004],[19.990270830000043,50.03940687100004],[19.991169142000047,50.040305182000054],[19.990719986000045,50.041203493000069],[19.985779275000027,50.041428071000041],[19.984880963000023,50.041652648000081],[19.985105541000053,50.042101804000026],[19.98465638600004,50.042550960000028],[19.98465638600004,50.043673849000072],[19.987575897000056,50.042550960000028],[19.988474208000071,50.042775537000068],[19.988923364000073,50.043449271000043],[19.988698786000043,50.044123004000028],[19.987126741000054,50.045021315000042],[19.988923364000073,50.045245893000072],[19.989372519000028,50.045919627000046],[19.989147942000045,50.046593360000031],[19.988474208000071,50.047042516000033],[19.986677586000042,50.047042516000033],[19.984431808000068,50.046368782000059],[19.984431808000068,50.047716249000075],[19.983533497000053,50.048839138000062],[19.988698786000043,50.051309494000066],[19.989372519000028,50.051309494000066],[19.990495408000072,50.050411182000062],[19.992516608000074,50.050411182000062],[19.993414920000077,50.051309494000066],[19.992965764000076,50.05220780500008],[19.992516608000074,50.05220780500008],[19.992741186000046,50.052656960000036],[19.998355631000038,50.054453583000054],[19.99880478700004,50.055127316000039],[19.998580209000067,50.055801049000081],[19.997232742000051,50.056250205000026],[19.98982167500003,50.05355527200004],[19.989147942000045,50.05377984900008],[19.982186030000037,50.050186605000079],[19.980838563000077,50.050860338000064],[19.976796163000074,50.055127316000039],[19.976347007000072,50.056474783000056],[19.977919052000061,50.056025627000054],[19.980838563000077,50.056923938000068],[19.981736874000035,50.058495983000057],[19.981287719000022,50.059618872000044],[19.981736874000035,50.060966339000061],[19.98465638600004,50.062313805000031],[19.989372519000028,50.062987539000062],[19.990270830000043,50.063885850000077],[19.99004625300006,50.064559583000062],[19.987575897000056,50.065233317000036],[19.98106314100005,50.062762961000033],[19.980613985000048,50.063212117000035],[19.980613985000048,50.064335006000078],[19.979715674000033,50.064784161000034],[19.976347007000072,50.063661272000047],[19.975448696000058,50.06253838300006],[19.974999541000045,50.060741761000031],[19.971855451000067,50.061190917000033],[19.971855451000067,50.061864650000075],[19.974325807000071,50.062987539000062],[19.975224118000028,50.064335006000078],[19.97589785200006,50.064559583000062],[19.976571585000045,50.06635620600008],[19.980389408000065,50.06770367300004],[19.981287719000022,50.068826562000027],[19.98106314100005,50.069500295000068],[19.979940252000063,50.069949450000081],[19.978368207000074,50.068826562000027],[19.975224118000028,50.06770367300004],[19.970283407000068,50.067479095000067],[19.969609673000036,50.06792825000008],[19.970058829000038,50.068601984000054],[19.969834251000066,50.069275717000039],[19.968486785000039,50.069724873000041],[19.969385096000053,50.070623184000056],[19.969160518000024,50.071296917000041],[19.96691474000005,50.072644384000057],[19.96691474000005,50.073093540000059],[19.968486785000039,50.072644384000057],[19.969160518000024,50.073093540000059],[19.969385096000053,50.073767273000044],[19.968486785000039,50.074890162000031],[19.969834251000066,50.076237629000047],[19.969385096000053,50.077360518000035],[19.968262207000066,50.077360518000035],[19.96691474000005,50.075788473000046],[19.966241007000065,50.075788473000046],[19.963770651000061,50.077360518000035],[19.962198606000072,50.077135940000062],[19.96174945100006,50.078258829000049],[19.960851140000045,50.078932562000034],[19.958829939000054,50.078483407000078],[19.95793162800004,50.076911362000033],[19.951643450000063,50.078707984000062],[19.951418872000033,50.079606296000065],[19.95276633900005,50.08050460700008],[19.952990917000022,50.081402918000038],[19.954787539000051,50.080729185000052],[19.955685850000066,50.081627496000067],[19.955236695000053,50.082750385000054],[19.953889228000037,50.083199540000066],[19.955685850000066,50.085894474000042],[19.955236695000053,50.086792785000057],[19.954562961000022,50.087017363000029]]],[[[19.890333712000029,50.038957715000038],[19.891232023000043,50.040080604000082],[19.890782868000031,50.040529760000027],[19.890558290000058,50.043449271000043],[19.889659979000044,50.044347582000057],[19.889659979000044,50.046593360000031],[19.895948157000078,50.046817938000061],[19.899765980000041,50.047491671000046],[19.899990557000024,50.047491671000046],[19.899092246000066,50.04838998200006],[19.899316824000039,50.049063716000035],[19.900215135000053,50.049737449000077],[19.899541402000068,50.049512871000047],[19.899316824000039,50.049512871000047],[19.895723579000048,50.048839138000062],[19.884270112000024,50.04838998200006],[19.881799756000078,50.048839138000062],[19.880901445000063,50.049737449000077],[19.879104823000034,50.049512871000047],[19.879553978000047,50.050635760000034],[19.878655667000032,50.051534071000049],[19.876409889000058,50.051309494000066],[19.873939533000055,50.051758649000078],[19.873939533000055,50.054453583000054],[19.872592067000028,50.056250205000026],[19.871469178000041,50.056923938000068],[19.870795444000066,50.056474783000056],[19.870570866000037,50.055351894000069],[19.870795444000066,50.055351894000069],[19.871918333000053,50.054229005000082],[19.871693755000024,50.05220780500008],[19.870570866000037,50.053330694000067],[19.868100511000023,50.053106116000038],[19.867651355000078,50.052432383000053],[19.86787593300005,50.051534071000049],[19.868774244000065,50.050860338000064],[19.869672555000022,50.051084916000036],[19.869672555000022,50.050635760000034],[19.868998822000037,50.050186605000079],[19.866303888000061,50.050411182000062],[19.865630155000076,50.049288293000075],[19.865630155000076,50.047716249000075],[19.861363177000044,50.047267093000073],[19.859566555000072,50.046368782000059],[19.858668243000068,50.046368782000059],[19.857994510000026,50.047267093000073],[19.857769932000053,50.047267093000073],[19.857096199000068,50.047491671000046],[19.856197888000054,50.046593360000031],[19.856647043000066,50.045695049000074],[19.851257176000047,50.045021315000042],[19.846765620000042,50.045021315000042],[19.840702020000037,50.042775537000068],[19.840252864000036,50.041652648000081],[19.841375753000023,50.040754337000067],[19.843172376000041,50.041877226000054],[19.846990198000071,50.043000115000041],[19.851481754000076,50.043000115000041],[19.858668243000068,50.044123004000028],[19.87304122200004,50.045245893000072],[19.881126023000036,50.045245893000072],[19.881350601000065,50.041877226000054],[19.880452289000061,50.041428071000041],[19.880227712000078,50.040529760000027],[19.881350601000065,50.03963144800008],[19.882698067000035,50.040305182000054],[19.883371801000067,50.041428071000041],[19.883371801000067,50.04457216000003],[19.882922645000065,50.045919627000046],[19.884045534000052,50.046368782000059],[19.88741420100007,50.046368782000059],[19.887863357000072,50.045695049000074],[19.887638779000042,50.044123004000028],[19.888537090000057,50.043000115000041],[19.888761668000029,50.039856026000052],[19.889210823000042,50.039182293000067],[19.889435401000071,50.039182293000067],[19.890333712000029,50.038957715000038]]],[[[19.902460913000027,50.043898426000055],[19.904931269000031,50.045470471000044],[19.906054158000074,50.047042516000033],[19.907626202000074,50.047491671000046],[19.907401625000034,50.047491671000046],[19.905829580000045,50.047940827000048],[19.904706691000058,50.047491671000046],[19.903359224000042,50.047716249000075],[19.902910069000029,50.047267093000073],[19.902236335000055,50.047716249000075],[19.899990557000024,50.047491671000046],[19.902011758000071,50.047491671000046],[19.902011758000071,50.047267093000073],[19.90156260200007,50.046368782000059],[19.902011758000071,50.045470471000044],[19.903359224000042,50.044796738000059],[19.902460913000027,50.043898426000055]]]]},"properties":{"OBJECTID":2,"FacilityID":5,"Name":" : 5 - 10","FromBreak":5,"ToBreak":10,"Shape_Length":1.6281306254567838,"Shape_Area":0.0067755888932668025}},{"type":"Feature","id":3,"geometry":{"type":"Polygon","coordinates":[[[19.927389048000066,50.056250205000026],[19.927389048000066,50.056025627000054],[19.926490737000051,50.055351894000069],[19.927613626000038,50.05355527200004],[19.927164470000037,50.05220780500008],[19.927389048000066,50.05220780500008],[19.92806278200004,50.051309494000066],[19.928736515000026,50.051534071000049],[19.927613626000038,50.050411182000062],[19.925817004000066,50.051084916000036],[19.925367848000064,50.052432383000053],[19.924244959000077,50.052656960000036],[19.921325448000061,50.051758649000078],[19.920427137000047,50.050635760000034],[19.919079670000031,50.050186605000079],[19.918855092000058,50.050186605000079],[19.917956781000044,50.050411182000062],[19.917058470000029,50.049512871000047],[19.916833892000056,50.049512871000047],[19.912342336000052,50.047940827000048],[19.911444025000037,50.047940827000048],[19.908973669000034,50.049288293000075],[19.90650331300003,50.049737449000077],[19.906278736000047,50.049737449000077],[19.905605002000073,50.050635760000034],[19.903808380000044,50.050186605000079],[19.902460913000027,50.051534071000049],[19.90133802400004,50.050635760000034],[19.90156260200007,50.049737449000077],[19.900215135000053,50.049737449000077],[19.899316824000039,50.049063716000035],[19.899092246000066,50.04838998200006],[19.899990557000024,50.047491671000046],[19.902236335000055,50.047716249000075],[19.902910069000029,50.047267093000073],[19.903359224000042,50.047716249000075],[19.904706691000058,50.047491671000046],[19.905829580000045,50.047940827000048],[19.907401625000034,50.047491671000046],[19.907626202000074,50.047491671000046],[19.906054158000074,50.047042516000033],[19.904931269000031,50.045470471000044],[19.902460913000027,50.043898426000055],[19.90156260200007,50.042101804000026],[19.901787180000042,50.042101804000026],[19.902460913000027,50.041203493000069],[19.903359224000042,50.041428071000041],[19.904032958000073,50.042775537000068],[19.905605002000073,50.043898426000055],[19.907850780000047,50.044347582000057],[19.908524514000078,50.044123004000028],[19.907177047000062,50.043673849000072],[19.90672789100006,50.043000115000041],[19.907626202000074,50.041877226000054],[19.909647403000065,50.042101804000026],[19.910096558000077,50.04322469300007],[19.910994869000035,50.043898426000055],[19.911219447000065,50.043898426000055],[19.914363536000053,50.043000115000041],[19.918181359000073,50.043673849000072],[19.919079670000031,50.042775537000068],[19.917058470000029,50.042101804000026],[19.916609314000027,50.041203493000069],[19.916833892000056,50.041203493000069],[19.917732203000071,50.040080604000082],[19.919079670000031,50.040529759000037],[19.91930424800006,50.040529759000037],[19.91930424800006,50.038283982000053],[19.917732203000071,50.037385670000049],[19.915935581000042,50.035139892000075],[19.913689803000068,50.03424158100006],[19.912566914000024,50.033118692000073],[19.911219447000065,50.032669537000061],[19.910994869000035,50.032669537000061],[19.910545714000023,50.031771226000046],[19.910770292000052,50.029974603000028],[19.909422825000036,50.029525448000072],[19.908973669000034,50.028851714000041],[19.909422825000036,50.027953403000026],[19.910545714000023,50.027728825000054],[19.912791492000053,50.028627136000068],[19.914138958000024,50.027504247000081],[19.915037270000028,50.028402559000028],[19.914812692000055,50.029300870000043],[19.915037270000028,50.029300870000043],[19.917058470000029,50.029974603000028],[19.916384736000055,50.028851714000041],[19.916609314000027,50.028177981000056],[19.918630514000029,50.027504247000081],[19.920876292000059,50.03042375900003],[19.923122070000034,50.029974603000028],[19.924244959000077,50.028402559000028],[19.92604158100005,50.028402559000028],[19.926715315000024,50.029300870000043],[19.927838204000068,50.029300870000043],[19.928961093000055,50.028402559000028],[19.92963482600004,50.029300870000043],[19.929859404000069,50.029300870000043],[19.931880604000071,50.029300870000043],[19.932554338000045,50.029750025000055],[19.932778915000029,50.03042375900003],[19.931880604000071,50.031322070000044],[19.926939893000053,50.031322070000044],[19.926715315000024,50.034466159000033],[19.928511937000053,50.035364470000047],[19.92963482600004,50.035139892000075],[19.930308560000071,50.034466159000033],[19.931880604000071,50.034690737000062],[19.933003493000058,50.035813626000049],[19.932105182000043,50.036936515000036],[19.931880604000071,50.036936515000036],[19.929859404000069,50.036936515000036],[19.929185671000027,50.037385670000049],[19.926715315000024,50.036711937000064],[19.926715315000024,50.038508559000036],[19.927838204000068,50.038733137000065],[19.928511937000053,50.03963144800008],[19.92806278200004,50.040529759000037],[19.927838204000068,50.040529759000037],[19.927613626000038,50.040529759000037],[19.927838204000068,50.041877226000054],[19.927389048000066,50.042775537000068],[19.92806278200004,50.042326382000056],[19.928961093000055,50.042550960000028],[19.929410248000067,50.043449271000043],[19.928736515000026,50.044347582000057],[19.929410248000067,50.044347582000057],[19.92963482600004,50.043449271000043],[19.930757715000027,50.042775537000068],[19.931656026000041,50.043673849000072],[19.931431449000058,50.044796738000059],[19.931880604000071,50.044796738000059],[19.932778915000029,50.043449271000043],[19.933901804000072,50.042550960000028],[19.934126382000045,50.042550960000028],[19.935473849000061,50.039856026000052],[19.936596738000048,50.038957715000038],[19.937270471000033,50.039182293000067],[19.937719627000035,50.040305182000054],[19.937495049000063,50.040305182000054],[19.935923004000074,50.042775537000068],[19.935024693000059,50.046817938000061],[19.933901804000072,50.04838998200006],[19.937944205000065,50.049288293000075],[19.938168782000048,50.049288293000075],[19.939067094000052,50.04838998200006],[19.940189982000049,50.049737449000077],[19.941762027000038,50.050411182000062],[19.941986605000068,50.051309494000066],[19.941762027000038,50.051309494000066],[19.941088294000053,50.05220780500008],[19.939965405000066,50.051534071000049],[19.938168782000048,50.051983227000051],[19.933003493000058,50.050186605000079],[19.932778915000029,50.050186605000079],[19.932778915000029,50.051758649000078],[19.931880604000071,50.052881538000065],[19.930982293000056,50.053106116000038],[19.930982293000056,50.054004427000052],[19.930308560000071,50.054453583000054],[19.929410248000067,50.054229005000082],[19.92806278200004,50.056025627000054],[19.927389048000066,50.056250205000026]]]},"properties":{"OBJECTID":3,"FacilityID":5,"Name":" : 0 - 5","FromBreak":0,"ToBreak":5,"Shape_Length":0.23373301841340524,"Shape_Area":0.0004732081258226621}}]}