{"type":"FeatureCollection","features":[{"type":"Feature","id":1,"geometry":{"type":"Polygon","coordinates":[[[16.178069103858039,50.847365629601782],[16.178067445441908,50.847315959365986],[16.178492973573306,50.84731026363383],[16.178494632442014,50.847359933870862],[16.178069103858039,50.847365629601782]]]},"properties":{"OBJECTID":1,"Shape_Length":70.989757454375194,"Shape_Area":165.5988763598414}},{"type":"Feature","id":2,"geometry":{"type":"Polygon","coordinates":[[[16.178065815779838,50.847267131105362],[16.17806421339834,50.847219145683994],[16.178489740647596,50.847213449949408],[16.178491343412087,50.847261436270408],[16.178065815779838,50.847267131105362]]]},"properties":{"OBJECTID":2,"Shape_Length":70.614993401197111,"Shape_Area":159.98325004235389}},{"type":"Feature","id":3,"geometry":{"type":"Polygon","coordinates":[[[16.178065101243273,50.84716607207212],[16.178063713978514,50.847117230781222],[16.178491685035439,50.847112355386059],[16.178493074166933,50.847161196713422],[16.178065101243273,50.84716607207212]]]},"properties":{"OBJECTID":3,"Shape_Length":71.145404013941899,"Shape_Area":163.75088313485895}},{"type":"Feature","id":4,"geometry":{"type":"Polygon","coordinates":[[[16.178063170398296,50.84706839820965],[16.178061829891785,50.847021254105528],[16.17848582108455,50.847016418293265],[16.178487162019071,50.847063562399441],[16.178063170398296,50.84706839820965]]]},"properties":{"OBJECTID":4,"Shape_Length":70.20730134656047,"Shape_Area":156.59092963558595}},{"type":"Feature","id":5,"geometry":{"type":"Polygon","coordinates":[[[16.178340490275378,50.846966986845914],[16.178339028613586,50.846923210332399],[16.178483972795959,50.846921270279537],[16.178485434593611,50.846965046793407],[16.178340490275378,50.846966986845914]]]},"properties":{"OBJECTID":5,"Shape_Length":30.156476354080432,"Shape_Area":49.713963938008135}},{"type":"Feature","id":6,"geometry":{"type":"Polygon","coordinates":[[[16.17833858760379,50.846870154951489],[16.178336956181777,50.846821327551169],[16.178481900102181,50.846819386597332],[16.178483531621506,50.846868214896517],[16.17833858760379,50.846870154951489]]]},"properties":{"OBJECTID":6,"Shape_Length":31.280369213647639,"Shape_Area":55.450449190488428}},{"type":"Feature","id":7,"geometry":{"type":"Polygon","coordinates":[[[16.177917781119458,50.846778087076174],[16.177916094055863,50.846727575759637],[16.178479912215668,50.8467200297045],[16.178481599889079,50.846770541022742],[16.177917781119458,50.846778087076174]]]},"properties":{"OBJECTID":7,"Shape_Length":90.656975653724274,"Shape_Area":223.13420794391902}},{"type":"Feature","id":8,"geometry":{"type":"Polygon","coordinates":[[[16.177917180449153,50.846680395907704],[16.177915522189757,50.84663072566758],[16.178479339180413,50.846623179596378],[16.178480998039472,50.84667284983815],[16.177917180449153,50.846680395907704]]]},"properties":{"OBJECTID":8,"Shape_Length":90.469840219087502,"Shape_Area":219.41869992388143}},{"type":"Feature","id":9,"geometry":{"type":"Polygon","coordinates":[[[16.177913947343402,50.846583581285124],[16.177912317782464,50.846534753918398],[16.178473473802708,50.846527243361365],[16.178475103950333,50.846576070729732],[16.177913947343402,50.846583581285124]]]},"properties":{"OBJECTID":9,"Shape_Length":89.907647195705465,"Shape_Area":214.67771869809525}},{"type":"Feature","id":10,"geometry":{"type":"Polygon","coordinates":[[[16.177912759849484,50.84648586421558],[16.177911105451596,50.846436294841126],[16.178473644200523,50.846428766469288],[16.178475299249705,50.846478334946937],[16.177912759849484,50.84648586421558]]]},"properties":{"OBJECTID":10,"Shape_Length":90.267577991286743,"Shape_Area":218.47559163666403}},{"type":"Feature","id":11,"geometry":{"type":"Polygon","coordinates":[[[16.177910194070048,50.846383481801467],[16.177908914922938,50.846338760441213],[16.178469571111119,50.846332333738744],[16.178470850740844,50.846377055999952],[16.177910194070048,50.846383481801467]]]},"properties":{"OBJECTID":11,"Shape_Length":88.918819973267688,"Shape_Area":196.42927691196945}},{"type":"Feature","id":12,"geometry":{"type":"Polygon","coordinates":[[[16.177907771588906,50.846285410926306],[16.177906418831252,50.846241767501432],[16.178467166109137,50.846234801366172],[16.178468517971652,50.846278444758681],[16.177907771588906,50.846285410926306]]]},"properties":{"OBJECTID":12,"Shape_Length":88.694332545062878,"Shape_Area":191.7349056728228}},{"type":"Feature","id":13,"geometry":{"type":"Polygon","coordinates":[[[16.177906216931198,50.846187866719497],[16.177904891990622,50.846141526473083],[16.178466389143896,50.846135090464884],[16.178467714641592,50.846181430713891],[16.177906216931198,50.846187866719497]]]},"properties":{"OBJECTID":13,"Shape_Length":89.397676128468419,"Shape_Area":203.84399526740765}},{"type":"Feature","id":14,"geometry":{"type":"Polygon","coordinates":[[[16.178039144055901,50.846089061989304],[16.178037630246784,50.84603895075994],[16.17846385797646,50.846033785923524],[16.178465372297133,50.846083896256275],[16.178039144055901,50.846089061989304]]]},"properties":{"OBJECTID":14,"Shape_Length":71.185090838468639,"Shape_Area":167.33334396025614}},{"type":"Feature","id":15,"geometry":{"type":"Polygon","coordinates":[[[16.17803760918336,50.845992056321904],[16.178035971826315,50.845943026318302],[16.178461487448764,50.845937330499297],[16.178463125252517,50.845986360504142],[16.17803760918336,50.845992056321904]]]},"properties":{"OBJECTID":15,"Shape_Length":70.847309576749481,"Shape_Area":163.46434812052217}},{"type":"Feature","id":16,"geometry":{"type":"Polygon","coordinates":[[[16.178034747818671,50.845895176910972],[16.178033043888142,50.845844142419665],[16.178458423467962,50.845838448725509],[16.1784601278633,50.845889483218109],[16.178034747818671,50.845895176910972]]]},"properties":{"OBJECTID":16,"Shape_Length":71.274253911513028,"Shape_Area":170.09318037946403}},{"type":"Feature","id":17,"geometry":{"type":"Polygon","coordinates":[[[16.177897492265366,50.845799039161726],[16.177895834517582,50.845749384223538],[16.178456288473615,50.845741882028129],[16.178457946763025,50.845791537866411],[16.177897492265366,50.845799039161726]]]},"properties":{"OBJECTID":17,"Shape_Length":89.994309265457801,"Shape_Area":218.04878070595467}},{"type":"Feature","id":18,"geometry":{"type":"Polygon","coordinates":[[[16.177894246702344,50.845701819331069],[16.177892813988258,50.845651709158723],[16.178454286858759,50.84564527176898],[16.178455721594375,50.845695381978459],[16.177894246702344,50.845701819331069]]]},"properties":{"OBJECTID":18,"Shape_Length":90.233926131057615,"Shape_Area":220.42052088414025}},{"type":"Feature","id":19,"geometry":{"type":"Polygon","coordinates":[[[16.177891679464395,50.845599437769842],[16.177890241552529,50.845556333938028],[16.17844936465168,50.84554885087303],[16.178450804552913,50.845591953842153],[16.177891679464395,50.845599437769842]]]},"properties":{"OBJECTID":19,"Shape_Length":88.349505061768539,"Shape_Area":188.82897207755593}},{"type":"Feature","id":20,"geometry":{"type":"Polygon","coordinates":[[[16.177756826041431,50.845503407462786],[16.177755471473699,50.845458784142814],[16.178452139952856,50.845450304731607],[16.178453495131986,50.845494928952625],[16.177756826041431,50.845503407462786]]]},"properties":{"OBJECTID":20,"Shape_Length":108.05862225686752,"Shape_Area":243.56163140841062}},{"type":"Feature","id":21,"geometry":{"type":"Polygon","coordinates":[[[16.177207049149835,50.845413063381002],[16.177205420373955,50.845364235109749],[16.178442060636609,50.845347686538702],[16.178443690705368,50.845396514813515],[16.177207049149835,50.845413063381002]]]},"properties":{"OBJECTID":21,"Shape_Length":185.06033462930966,"Shape_Area":473.11383343477473}},{"type":"Feature","id":22,"geometry":{"type":"Polygon","coordinates":[[[16.176653003128514,50.845322234521895],[16.176651437771202,50.84527424815343],[16.178444145848545,50.845250801758084],[16.178445713047758,50.845298788132176],[16.176653003128514,50.845322234521895]]]},"properties":{"OBJECTID":22,"Shape_Length":263.20010194558631,"Shape_Area":674.01690891647445}},{"type":"Feature","id":23,"geometry":{"type":"Polygon","coordinates":[[[16.176785659709964,50.845223299591822],[16.176784062996578,50.845172653661379],[16.178441207884266,50.845151692683729],[16.178442807813703,50.845202338654786],[16.176785659709964,50.845223299591822]]]},"properties":{"OBJECTID":23,"Shape_Length":244.69341319619161,"Shape_Area":657.56331990038257}},{"type":"Feature","id":24,"geometry":{"type":"Polygon","coordinates":[[[16.176786080451031,50.845125864346791],[16.176784501645006,50.845075863080851],[16.178438792932049,50.845054914056497],[16.178440373509108,50.845104915328605],[16.176786080451031,50.845125864346791]]]},"properties":{"OBJECTID":24,"Shape_Length":244.14851660240896,"Shape_Area":648.07680016639983}},{"type":"Feature","id":25,"geometry":{"type":"Polygon","coordinates":[[[16.176509240694916,50.845032439512053],[16.176507713057738,50.844983407625286],[16.178439039961333,50.844959286754175],[16.178440568261173,50.845008317715511],[16.176509240694916,50.845032439512053]]]},"properties":{"OBJECTID":25,"Shape_Length":282.9549645362149,"Shape_Area":741.92465209283614}},{"type":"Feature","id":26,"geometry":{"type":"Polygon","coordinates":[[[16.176644118519302,50.844928320095519],[16.176642676915883,50.844883061208705],[16.178435728555073,50.844860148844823],[16.17843717184175,50.844905408635938],[16.176644118519302,50.844928320095519]]]},"properties":{"OBJECTID":26,"Shape_Length":262.64131899593957,"Shape_Area":635.82761507281521}},{"type":"Feature","id":27,"geometry":{"type":"Polygon","coordinates":[[[16.176640818578861,50.844829384828415],[16.176639513930983,50.844785740735823],[16.178433376648631,50.844764232813844],[16.178434682972746,50.844807876913379],[16.176640818578861,50.844829384828415]]]},"properties":{"OBJECTID":27,"Shape_Length":262.39033446893808,"Shape_Area":613.38462335878262}},{"type":"Feature","id":28,"geometry":{"type":"Polygon","coordinates":[[[16.176640165195671,50.844733243524921],[16.176638749242208,50.84468875995546],[16.178431793539858,50.844665869128931],[16.178433211146814,50.844710353602622],[16.176640165195671,50.844733243524921]]]},"properties":{"OBJECTID":28,"Shape_Length":262.46873680770199,"Shape_Area":624.93515132508355}},{"type":"Feature","id":29,"geometry":{"type":"Polygon","coordinates":[[[16.17663831983322,50.844634860838099],[16.176636792877531,50.84458520363134],[16.178427817724582,50.844563117879765],[16.178429346584441,50.844612775093744],[16.17663831983322,50.844634860838099]]]},"properties":{"OBJECTID":29,"Shape_Length":263.33222284974175,"Shape_Area":696.80777114336627}},{"type":"Feature","id":30,"geometry":{"type":"Polygon","coordinates":[[[16.176498686331463,50.844539941462379],[16.17649709828871,50.844489180560757],[16.178426043674211,50.844464974513073],[16.178427633867599,50.844515734523746],[16.176498686331463,50.844539941462379]]]},"properties":{"OBJECTID":30,"Shape_Length":283.00768822119994,"Shape_Area":767.15171772781218}},{"type":"Feature","id":31,"geometry":{"type":"Polygon","coordinates":[[[16.176496815010491,50.844443004961839],[16.176495231689628,50.844393436362445],[16.178421870832189,50.844368736388674],[16.178423456197756,50.844418304994853],[16.176496815010491,50.844443004961839]]]},"properties":{"OBJECTID":31,"Shape_Length":282.42062923790382,"Shape_Area":748.25751955129715}},{"type":"Feature","id":32,"geometry":{"type":"Polygon","coordinates":[[[16.176765883356467,50.844341842098665],[16.176764320643468,50.84429115109684],[16.178421863863502,50.844270653772128],[16.178423428375424,50.844321344780717],[16.176765883356467,50.844341842098665]]]},"properties":{"OBJECTID":32,"Shape_Length":244.76168797214874,"Shape_Area":658.30686729282706}},{"type":"Feature","id":33,"geometry":{"type":"Polygon","coordinates":[[[16.176761820495702,50.844244569119056],[16.176760192434056,50.844194913063561],[16.17828353449783,50.844174876441237],[16.178285164233259,50.844224531603125],[16.176761820495702,50.844244569119056]]]},"properties":{"OBJECTID":33,"Shape_Length":225.63367914968521,"Shape_Area":592.68099654923117}},{"type":"Feature","id":34,"geometry":{"type":"Polygon","coordinates":[[[16.176489430333561,50.844145019240443],[16.176488043008852,50.844100534558052],[16.17772856700077,50.844085019124606],[16.177729955561219,50.844129502912821],[16.176489430333561,50.844145019240443]]]},"properties":{"OBJECTID":34,"Shape_Length":184.64045061923517,"Shape_Area":432.36410196253127}},{"type":"Feature","id":35,"geometry":{"type":"Polygon","coordinates":[[[16.17648572143171,50.844048177703961],[16.176484353133326,50.844001872357218],[16.177587868993076,50.843988796722641],[16.177589238439705,50.844035101175635],[16.17648572143171,50.844048177703961]]]},"properties":{"OBJECTID":35,"Shape_Length":165.74322977012687,"Shape_Area":400.33857472432317}},{"type":"Feature","id":36,"geometry":{"type":"Polygon","coordinates":[[[16.176485122196912,50.843950485603557],[16.176483577500782,50.843904183183092],[16.177450255598018,50.843891253272979],[16.177451799833403,50.843937555661753],[16.176485122196912,50.843950485603557]]]},"properties":{"OBJECTID":36,"Shape_Length":146.47492128280047,"Shape_Area":350.71112480819221}},{"type":"Feature","id":37,"geometry":{"type":"Polygon","coordinates":[[[16.176482866831133,50.843853295959526],[16.176481242819833,50.843803295383097],[16.177450116714283,50.84379068139021],[16.177451740343724,50.843840681935518],[16.176482866831133,50.843853295959526]]]},"properties":{"OBJECTID":37,"Shape_Length":147.60561224399029,"Shape_Area":379.5745140485775}},{"type":"Feature","id":38,"geometry":{"type":"Polygon","coordinates":[[[16.176479875448134,50.843756504184014],[16.176478186705829,50.843705857807741],[16.177311307570957,50.843694714903869],[16.177312997216664,50.843745361282679],[16.176479875448134,50.843756504184014]]]},"properties":{"OBJECTID":38,"Shape_Length":128.62820347769005,"Shape_Area":330.61507280406721}},{"type":"Feature","id":39,"geometry":{"type":"Polygon","coordinates":[[[16.176476641239095,50.843659521175866],[16.176474888555745,50.843609415808935],[16.177309772670089,50.843597709182873],[16.177311524775774,50.843647815415828],[16.176476641239095,50.843659521175866]]]},"properties":{"OBJECTID":39,"Shape_Length":128.75929759595024,"Shape_Area":327.79338433369742}},{"type":"Feature","id":40,"geometry":{"type":"Polygon","coordinates":[[[16.176475072223663,50.84356143848423],[16.176473516119149,50.843512407697148],[16.177306571073068,50.84350180491753],[16.177308128052072,50.843550835707582],[16.176475072223663,50.84356143848423]]]},"properties":{"OBJECTID":40,"Shape_Length":128.25724670045531,"Shape_Area":320.03119605948018}},{"type":"Feature","id":41,"geometry":{"type":"Polygon","coordinates":[[[16.176608846523127,50.843462624409987],[16.176607254350831,50.843411976773822],[16.177304983138896,50.843403182832041],[16.177306576067775,50.843453830470885],[16.176608846523127,50.843462624409987]]]},"properties":{"OBJECTID":41,"Shape_Length":109.55399881696901,"Shape_Area":276.88100034893847}},{"type":"Feature","id":42,"geometry":{"type":"Polygon","coordinates":[[[16.176607115408522,50.843359691660297],[16.176605658561016,50.843316050171573],[16.177165606816192,50.843308560171316],[16.177167062713583,50.843352202525587],[16.176607115408522,50.843359691660297]]]},"properties":{"OBJECTID":42,"Shape_Length":88.589138039006556,"Shape_Area":191.47899291981446}},{"type":"Feature","id":43,"geometry":{"type":"Polygon","coordinates":[[[16.176331547325375,50.843265812110403],[16.176330109419705,50.843222708234045],[16.177156413264552,50.843211657866739],[16.177157851987008,50.843254760846762],[16.176331547325375,50.843265812110403]]]},"properties":{"OBJECTID":43,"Shape_Length":125.9908678945413,"Shape_Area":279.07596224798061}},{"type":"Feature","id":44,"geometry":{"type":"Polygon","coordinates":[[[16.176329978648901,50.843167728517621],[16.176328584177387,50.843121388337408],[16.177156473621867,50.843111396712814],[16.177157868914751,50.843157736896394],[16.176329978648901,50.843167728517621]]]},"properties":{"OBJECTID":44,"Shape_Length":126.92937408225968,"Shape_Area":300.58396845897369}},{"type":"Feature","id":45,"geometry":{"type":"Polygon","coordinates":[[[16.176328481546914,50.84307180069446],[16.176326942695091,50.843023310177756],[16.177151481064556,50.843012820865319],[16.177153019353351,50.843061311350603],[16.176328481546914,50.84307180069446]]]},"properties":{"OBJECTID":45,"Shape_Length":126.93844437715919,"Shape_Area":313.27182148058438}},{"type":"Feature","id":46,"geometry":{"type":"Polygon","coordinates":[[[16.176325193169721,50.842973202180076],[16.176323748010095,50.842924172272774],[16.177012885062751,50.842916031365583],[16.17701432952672,50.842965061241649],[16.176325193169721,50.842973202180076]]]},"properties":{"OBJECTID":46,"Shape_Length":107.98211999428818,"Shape_Area":264.72628773522393}},{"type":"Feature","id":47,"geometry":{"type":"Polygon","coordinates":[[[16.176186670602291,50.842878567497912],[16.176185053795365,50.842830075988857],[16.177010500211694,50.842819037440542],[16.177012117875595,50.842867528951992],[16.176186670602291,50.842878567497912]]]},"properties":{"OBJECTID":47,"Shape_Length":127.06986169183428,"Shape_Area":313.63821567726154}},{"type":"Feature","id":48,"geometry":{"type":"Polygon","coordinates":[[[16.176184270309591,50.842781034208187],[16.176182616246404,50.842731465676991],[16.177007210391352,50.842720438918796],[16.17700886391059,50.842770007418025],[16.176184270309591,50.842781034208187]]]},"properties":{"OBJECTID":48,"Shape_Length":127.18957242874829,"Shape_Area":320.27359870874295}},{"type":"Feature","id":49,"geometry":{"type":"Polygon","coordinates":[[[16.176183570966334,50.842683479124112],[16.17618183893039,50.84263444856321],[16.176869501865593,50.842624715347611],[16.176871233150106,50.842673746774068],[16.176183570966334,50.842683479124112]]]},"properties":{"OBJECTID":49,"Shape_Length":107.78348661522581,"Shape_Area":264.20767492512329}},{"type":"Feature","id":50,"geometry":{"type":"Polygon","coordinates":[[[16.176036324062498,50.84258249208122],[16.176034850589371,50.842538311214355],[16.176460336513195,50.842532623134652],[16.176461808969762,50.842576803968299],[16.176036324062498,50.84258249208122]]]},"properties":{"OBJECTID":50,"Shape_Length":69.768491707306424,"Shape_Area":147.29756337534781}},{"type":"Feature","id":51,"geometry":{"type":"Polygon","coordinates":[[[16.176562739459644,50.847287135410411],[16.176561113390854,50.847235756369997],[16.177665448948286,50.847221740081217],[16.177667076231998,50.847273119125816],[16.176562739459644,50.847287135410411]]]},"properties":{"OBJECTID":51,"Shape_Length":166.98113975083677,"Shape_Area":444.53041165170976}},{"type":"Feature","id":52,"geometry":{"type":"Polygon","coordinates":[[[16.176560721486901,50.847183733287309],[16.176559305654759,50.847140284463372],[16.177663882678694,50.847125856563395],[16.177665299538482,50.847169305390501],[16.176560721486901,50.847183733287309]]]},"properties":{"OBJECTID":52,"Shape_Length":165.2530602976687,"Shape_Area":376.01030363339459}},{"type":"Feature","id":53,"geometry":{"type":"Polygon","coordinates":[[[16.176557831320938,50.847086652485963],[16.176556365631139,50.84704217042416],[16.177662236216392,50.847027558834853],[16.177663702905253,50.847072041798185],[16.176557831320938,50.847086652485963]]]},"properties":{"OBJECTID":53,"Shape_Length":165.66638939298977,"Shape_Area":385.41128129001589}},{"type":"Feature","id":54,"geometry":{"type":"Polygon","coordinates":[[[16.176555879047232,50.846989573697122],[16.176554431889599,50.846944055554523],[16.177659523910098,50.846929965917326],[16.177660972144803,50.846975484063591],[16.176555879047232,50.846989573697122]]]},"properties":{"OBJECTID":54,"Shape_Length":165.78498877120163,"Shape_Area":394.09569827983398}},{"type":"Feature","id":55,"geometry":{"type":"Polygon","coordinates":[[[16.176553802840626,50.846891605638064],[16.176552252372737,50.846840222126801],[16.177657715591781,50.846826840631195],[16.177659268695081,50.846878224181715],[16.176553802840626,50.846891605638064]]]},"properties":{"OBJECTID":55,"Shape_Length":167.13935585182,"Shape_Area":445.01109653029522}},{"type":"Feature","id":56,"geometry":{"type":"Polygon","coordinates":[[[16.176551570908284,50.846795062633475],[16.176549922168491,50.846744082535963],[16.177654584179297,50.846729763029735],[16.177656234124942,50.846780743131035],[16.176551570908284,50.846795062633475]]]},"properties":{"OBJECTID":56,"Shape_Length":166.9414472609443,"Shape_Area":441.22150465972607}},{"type":"Feature","id":57,"geometry":{"type":"Polygon","coordinates":[[[16.17654940427736,50.846697462185602],[16.176547775960479,50.846647461525848],[16.177651790872961,50.846633040919073],[16.177653421790978,50.846683041616828],[16.17654940427736,50.846697462185602]]]},"properties":{"OBJECTID":57,"Shape_Length":166.63334491105888,"Shape_Area":432.49524276568593}},{"type":"Feature","id":58,"geometry":{"type":"Polygon","coordinates":[[[16.176546632956811,50.846600084633245],[16.17654500529429,50.846549437957542],[16.177649614973049,50.846535202746104],[16.177651243833449,50.846585849425715],[16.176546632956811,50.846600084633245]]]},"properties":{"OBJECTID":58,"Shape_Length":166.86013150280667,"Shape_Area":438.3146403714436}},{"type":"Feature","id":59,"geometry":{"type":"Polygon","coordinates":[[[16.175719571084866,50.846513574692842],[16.175717974930091,50.84646357389218],[16.177648034836793,50.846438866301838],[16.177649631638783,50.846488867075053],[16.175719571084866,50.846513574692842]]]},"properties":{"OBJECTID":59,"Shape_Length":282.9864174037163,"Shape_Area":756.08772082132373}},{"type":"Feature","id":60,"geometry":{"type":"Polygon","coordinates":[[[16.175717565371102,50.846410517436041],[16.175716129598207,50.846364612649616],[16.177646120974689,50.846340407332391],[16.177647558644569,50.846386312125617],[16.175717565371102,50.846410517436041]]]},"properties":{"OBJECTID":60,"Shape_Length":282.0638135054856,"Shape_Area":694.11584960590039}},{"type":"Feature","id":61,"geometry":{"type":"Polygon","coordinates":[[[16.17530742896011,50.846318464534455],[16.175306002007645,50.846273290561903],[16.177643698386813,50.846243665396358],[16.177645127600407,50.846288839376761],[16.17530742896011,50.846318464534455]]]},"properties":{"OBJECTID":61,"Shape_Length":339.3309448515584,"Shape_Area":827.36940920150005}},{"type":"Feature","id":62,"geometry":{"type":"Polygon","coordinates":[[[16.175168574148568,50.84622259341954],[16.175167138382218,50.846176909063367],[16.17764206291697,50.846145726927702],[16.177643501158499,50.846191410394013],[16.175168574148568,50.84622259341954]]]},"properties":{"OBJECTID":62,"Shape_Length":358.77382066952941,"Shape_Area":885.82376426492624}},{"type":"Feature","id":63,"geometry":{"type":"Polygon","coordinates":[[[16.174750156560954,50.846130511579432],[16.174748563816973,50.846079530992888],[16.177638644663311,50.846043326564804],[16.177640240562024,50.84609430716273],[16.174750156560954,50.846130511579432]]]},"properties":{"OBJECTID":63,"Shape_Length":418.42976617647332,"Shape_Area":1154.3458791512539}},{"type":"Feature","id":64,"geometry":{"type":"Polygon","coordinates":[[[16.174747959362389,50.846033173049427],[16.174746368039003,50.845982192496592],[16.177636092890282,50.845945993951645],[16.177637688787136,50.845996974550225],[16.174747959362389,50.846033173049427]]]},"properties":{"OBJECTID":64,"Shape_Length":418.38055743690092,"Shape_Area":1154.2057677800444}},{"type":"Feature","id":65,"geometry":{"type":"Polygon","coordinates":[[[16.174610156398611,50.845937425707298],[16.17460857604366,50.845886665858878],[16.17763494305153,50.845848862624621],[16.177636526695636,50.845899622485028],[16.174610156398611,50.845937425707298]]]},"properties":{"OBJECTID":65,"Shape_Length":437.57875979540967,"Shape_Area":1203.5490475669485}},{"type":"Feature","id":66,"geometry":{"type":"Polygon","coordinates":[[[16.174472012115807,50.845841902965176],[16.174470406550672,50.84579048117476],[16.177632370188004,50.845750867271519],[16.177633979234486,50.84580228907447],[16.174472012115807,50.845841902965176]]]},"properties":{"OBJECTID":66,"Shape_Length":456.82724847280633,"Shape_Area":1273.8780712604378}},{"type":"Feature","id":67,"geometry":{"type":"Polygon","coordinates":[[[16.174606426042402,50.845737815112145],[16.174605045862322,50.845686776686364],[16.177629461445818,50.845653939006361],[16.177630844985107,50.845704976551161],[16.174606426042402,50.845737815112145]]]},"properties":{"OBJECTID":67,"Shape_Length":437.34676635207256,"Shape_Area":1209.2532378587052}},{"type":"Feature","id":68,"geometry":{"type":"Polygon","coordinates":[[[16.174603720141739,50.845640221309793],[16.174602301715229,50.845595199585766],[16.177491342759971,50.845558681436465],[16.17749276397144,50.845603703170241],[16.174603720141739,50.845640221309793]]]},"properties":{"OBJECTID":68,"Shape_Length":416.96325192558129,"Shape_Area":1019.0710478743736}},{"type":"Feature","id":69,"geometry":{"type":"Polygon","coordinates":[[[16.174464549327833,50.845544602594266],[16.174463131698829,50.845499428825867],[16.176936147672652,50.845468298508408],[16.176937567693614,50.845513472285283],[16.174464549327833,50.845544602594266]]]},"properties":{"OBJECTID":69,"Shape_Length":358.39648677144788,"Shape_Area":875.26873030327647}},{"type":"Feature","id":70,"geometry":{"type":"Polygon","coordinates":[[[16.174870197805316,50.845442038595039],[16.174868764264755,50.845396275102516],[16.176526710761781,50.845375444390179],[16.176528145926866,50.845421207888506],[16.174870197805316,50.845442038595039]]]},"properties":{"OBJECTID":70,"Shape_Length":243.71833846368565,"Shape_Area":594.45372520669343}},{"type":"Feature","id":71,"geometry":{"type":"Polygon","coordinates":[[[16.175013009231066,50.845342764126677],[16.175011449171464,50.845291120305816],[16.176252624993658,50.845276079707453],[16.176254187844776,50.845327723568253],[16.175013009231066,50.845342764126677]]]},"properties":{"OBJECTID":71,"Shape_Length":186.31869367575837,"Shape_Area":502.19167349823351}},{"type":"Feature","id":72,"geometry":{"type":"Polygon","coordinates":[[[16.175010155634936,50.84524600083968],[16.175008527598912,50.845194799855214],[16.176249735636482,50.845178971894725],[16.176251365033195,50.845230172883802],[16.175010155634936,50.84524600083968]]]},"properties":{"OBJECTID":72,"Shape_Length":186.22862621413617,"Shape_Area":497.91850229609486}},{"type":"Feature","id":73,"geometry":{"type":"Polygon","coordinates":[[[16.175007924679846,50.845148317779355],[16.175006320894255,50.845098220493682],[16.17624790620858,50.845082291941971],[16.176249509906853,50.845132389197666],[16.175007924679846,50.845148317779355]]]},"properties":{"OBJECTID":73,"Shape_Length":186.0369267990844,"Shape_Area":487.33636961458831}},{"type":"Feature","id":74,"geometry":{"type":"Polygon","coordinates":[[[16.175005871174214,50.845051014218598],[16.175004243442086,50.845000255024722],[16.176244637885191,50.844984305776748],[16.176246266965382,50.845035064975043],[16.175005871174214,50.845051014218598]]]},"properties":{"OBJECTID":74,"Shape_Length":186.01708851045436,"Shape_Area":493.3040439690933}},{"type":"Feature","id":75,"geometry":{"type":"Polygon","coordinates":[[[16.175003004728236,50.844948349956347],[16.175001566591618,50.844904212227739],[16.176243299419081,50.844887991317719],[16.176244738674892,50.844932129948418],[16.175003004728236,50.844948349956347]]]},"properties":{"OBJECTID":75,"Shape_Length":184.73409152436761,"Shape_Area":429.42700555670729}},{"type":"Feature","id":76,"geometry":{"type":"Polygon","coordinates":[[[16.175001113004022,50.844850885655113],[16.174999669962219,50.844805888531312],[16.175824249722893,50.844795290591598],[16.175825693559116,50.844840287718014],[16.175001113004022,50.844850885655113]]]},"properties":{"OBJECTID":76,"Shape_Length":126.1633040982618,"Shape_Area":290.70955444038168}},{"type":"Feature","id":77,"geometry":{"type":"Polygon","coordinates":[[[16.175672403937508,50.844453011553725],[16.175670728752088,50.844402743393118],[16.17608804490656,50.844397166380759],[16.176089722014488,50.844447433678553],[16.175672403937508,50.844453011553725]]]},"properties":{"OBJECTID":77,"Shape_Length":69.96975569398883,"Shape_Area":164.36719206039021}},{"type":"Feature","id":78,"geometry":{"type":"Polygon","coordinates":[[[16.174845171056173,50.844366549400007],[16.17484348215384,50.844318121806978],[16.175811788809078,50.844304570953874],[16.175813480134501,50.844352998583453],[16.174845171056173,50.844366549400007]]]},"properties":{"OBJECTID":78,"Shape_Length":147.17935770136216,"Shape_Area":367.43940511877577}},{"type":"Feature","id":79,"geometry":{"type":"Polygon","coordinates":[[[16.174842851843859,50.844267839351268],[16.174841217115066,50.844218797630596],[16.174987423033905,50.844216843976689],[16.174989056442854,50.844265886561871],[16.174842851843859,50.844267839351268]]]},"properties":{"OBJECTID":79,"Shape_Length":31.506860015167593,"Shape_Area":56.181579398118551}},{"type":"Feature","id":80,"geometry":{"type":"Polygon","coordinates":[[[16.175252235110491,50.843966147571763],[16.175250742831729,50.84392139669032],[16.176073750820933,50.843910397330646],[16.176075242469174,50.843955148179887],[16.175252235110491,50.843966147571763]]]},"properties":{"OBJECTID":80,"Shape_Length":125.89129888223817,"Shape_Area":288.58218640050302}},{"type":"Feature","id":81,"geometry":{"type":"Polygon","coordinates":[[[16.17469569052405,50.843875875825383],[16.174694116567917,50.843826066271866],[16.176072292819391,50.843808609386393],[16.176073868245258,50.843858418944997],[16.17469569052405,50.843875875825383]]]},"properties":{"OBJECTID":81,"Shape_Length":205.21759164524764,"Shape_Area":537.85256019326857}},{"type":"Feature","id":82,"geometry":{"type":"Polygon","coordinates":[[[16.174286983532376,50.843783589204385],[16.174285421756462,50.843734737286688],[16.176072092885715,50.843711825808938],[16.176073656530349,50.843760677732845],[16.174286983532376,50.843783589204385]]]},"properties":{"OBJECTID":82,"Shape_Length":262.54863546058823,"Shape_Area":683.8758035619976}},{"type":"Feature","id":83,"geometry":{"type":"Polygon","coordinates":[[[16.173867689381886,50.843691442241862],[16.173866094207927,50.843643549554685],[16.176068834667721,50.843614125087718],[16.176070432100335,50.843662017781185],[16.173867689381886,50.843691442241862]]]},"properties":{"OBJECTID":83,"Shape_Length":320.95112639412588,"Shape_Area":826.60813931202006}},{"type":"Feature","id":84,"geometry":{"type":"Polygon","coordinates":[[[16.174002107484338,50.843591903512056],[16.174000560710923,50.843541633020315],[16.176066414792221,50.843516144145717],[16.176067963734766,50.84356641554438],[16.174002107484338,50.843591903512056]]]},"properties":{"OBJECTID":84,"Shape_Length":302.18811173519686,"Shape_Area":813.68504982676836}},{"type":"Feature","id":85,"geometry":{"type":"Polygon","coordinates":[[[16.173999555789479,50.843495304935672],[16.17399795859771,50.843444693109987],[16.176063083212227,50.84341855231613],[16.176064682641723,50.843469164149646],[16.173999555789479,50.843495304935672]]]},"properties":{"OBJECTID":85,"Shape_Length":302.1648218870057,"Shape_Area":818.93129301262275}},{"type":"Feature","id":86,"geometry":{"type":"Polygon","coordinates":[[[16.173861453447376,50.843393795346657],[16.173860044862572,50.843349068955597],[16.176060457863052,50.843321243918496],[16.176061869919678,50.84336597124976],[16.173861453447376,50.843393795346657]]]},"properties":{"OBJECTID":86,"Shape_Length":319.91353535110034,"Shape_Area":771.1207563981302}},{"type":"Feature","id":87,"geometry":{"type":"Polygon","coordinates":[[[16.173995792756791,50.843295051909749],[16.173994316166134,50.843249074098367],[16.176060495694493,50.843222453317956],[16.176061974319015,50.843268431135989],[16.173995792756791,50.843295051909749]]]},"properties":{"OBJECTID":87,"Shape_Length":301.28579851604587,"Shape_Area":744.34378945349204}},{"type":"Feature","id":88,"geometry":{"type":"Polygon","coordinates":[[[16.174136825164016,50.843196022437006],[16.174135372026644,50.843149724879765],[16.175921940125264,50.843127232679109],[16.17592339503349,50.843173530242645],[16.174136825164016,50.843196022437006]]]},"properties":{"OBJECTID":88,"Shape_Length":261.96702500645415,"Shape_Area":648.07857300854812}},{"type":"Feature","id":89,"geometry":{"type":"Polygon","coordinates":[[[16.174270119266193,50.843097341538247],[16.174268464542504,50.843045866346429],[16.175918790111666,50.843024593953011],[16.175920446654114,50.843076069150783],[16.174270119266193,50.843097341538247]]]},"properties":{"OBJECTID":89,"Shape_Length":243.92989632632438,"Shape_Area":665.62078420047737}},{"type":"Feature","id":90,"geometry":{"type":"Polygon","coordinates":[[[16.174405048194295,50.842997842628051],[16.17440342457115,50.842946837869853],[16.17591590190424,50.842927524814378],[16.175917527178978,50.842978529578161],[16.174405048194295,50.842997842628051]]]},"properties":{"OBJECTID":90,"Shape_Length":224.4064671216899,"Shape_Area":604.44431093166941}},{"type":"Feature","id":91,"geometry":{"type":"Polygon","coordinates":[[[16.174539021185264,50.842898584933309],[16.174537428305484,50.842846857510978],[16.175778247979835,50.842831535833973],[16.175779842288033,50.842883262363067],[16.174539021185264,50.842898584933309]]]},"properties":{"OBJECTID":91,"Shape_Length":186.29740128051654,"Shape_Area":502.88881506766916}},{"type":"Feature","id":92,"geometry":{"type":"Polygon","coordinates":[[[16.174670945508698,50.842800672086682],[16.174669250135111,50.842749791561864],[16.175774955878211,50.842735017458473],[16.175776652401975,50.84278589888509],[16.174670945508698,50.842800672086682]]]},"properties":{"OBJECTID":92,"Shape_Length":167.08199738127098,"Shape_Area":440.82909818503913}},{"type":"Feature","id":93,"geometry":{"type":"Polygon","coordinates":[[[16.174807080734055,50.842700113232318],[16.174805564249549,50.842649844385811],[16.175772695448355,50.842638147066779],[16.175774211554657,50.842688415883103],[16.174807080734055,50.842700113232318]]]},"properties":{"OBJECTID":93,"Shape_Length":147.41898851647412,"Shape_Area":380.91235724595589}},{"type":"Feature","id":94,"geometry":{"type":"Polygon","coordinates":[[[16.175492395237384,50.842590130671731],[16.175490864361578,50.842544227152281],[16.175635244524994,50.842542297785833],[16.175636775542703,50.842588201305652],[16.175492395237384,50.842590130671731]]]},"properties":{"OBJECTID":94,"Shape_Length":30.552180717241299,"Shape_Area":51.931475149691359}},{"type":"Feature","id":95,"geometry":{"type":"Polygon","coordinates":[[[16.171772688480583,50.848246173592244],[16.171771201083843,50.848195901823885],[16.172188388693041,50.848190955326046],[16.172189876538869,50.848241227096352],[16.171772688480583,50.848246173592244]]]},"properties":{"OBJECTID":95,"Shape_Length":69.944458182114914,"Shape_Area":164.30110658814777}},{"type":"Feature","id":96,"geometry":{"type":"Polygon","coordinates":[[[16.171217478884582,50.848155444739646],[16.171215910404666,50.84810483178024],[16.172321545196741,50.848091101740636],[16.172323114929284,50.848141713806086],[16.171217478884582,50.848155444739646]]]},"properties":{"OBJECTID":96,"Shape_Length":166.98958880486597,"Shape_Area":438.39974081522496}},{"type":"Feature","id":97,"geometry":{"type":"Polygon","coordinates":[[[16.171216227245324,50.848058339591852],[16.171214573456503,50.848009910992197],[16.172318458606224,50.847994806005033],[16.172320112120619,50.84804323457309],[16.171216227245324,50.848058339591852]]]},"properties":{"OBJECTID":97,"Shape_Length":166.26431515404113,"Shape_Area":418.85398070110989}},{"type":"Feature","id":98,"geometry":{"type":"Polygon","coordinates":[[[16.170941619899509,50.847958571929105],[16.170940242816982,50.84791266757923],[16.172597048604786,50.847892742561413],[16.172598427315869,50.84793864691801],[16.170941619899509,50.847958571929105]]]},"properties":{"OBJECTID":98,"Shape_Length":243.57275085222315,"Shape_Area":595.8233708148889}},{"type":"Feature","id":99,"geometry":{"type":"Polygon","coordinates":[[[16.170938740277037,50.84786146326627],[16.170937308221628,50.847815762728587],[16.172595926043059,50.847794912668085],[16.172597361140742,50.847840613246007],[16.170938740277037,50.84786146326627]]]},"properties":{"OBJECTID":99,"Shape_Length":243.78729124678372,"Shape_Area":593.8482041720107}},{"type":"Feature","id":100,"geometry":{"type":"Polygon","coordinates":[[[16.170937366012595,50.847764139188307],[16.170935752455307,50.847713195812211],[16.172593553892064,50.847692130760059],[16.172595170676928,50.84774307417684],[16.170937366012595,50.847764139188307]]]},"properties":{"OBJECTID":100,"Shape_Length":244.84032703937086,"Shape_Area":661.65664873532296}},{"type":"Feature","id":101,"geometry":{"type":"Polygon","coordinates":[[[16.170798411865761,50.847668648232712],[16.17079682787217,50.847617172009109],[16.172591655119898,50.84759500905416],[16.172593242456664,50.847646486218188],[16.170798411865761,50.847668648232712]]]},"properties":{"OBJECTID":101,"Shape_Length":264.25700752543747,"Shape_Area":723.83019268583712}},{"type":"Feature","id":102,"geometry":{"type":"Polygon","coordinates":[[[16.170796417714453,50.847571332502646],[16.170794804684725,50.847520359442548],[16.172587620829013,50.847497595331262],[16.172589237289074,50.847548567534126],[16.170796417714453,50.847571332502646]]]},"properties":{"OBJECTID":102,"Shape_Length":263.8650084212839,"Shape_Area":715.95646358160388}},{"type":"Feature","id":103,"geometry":{"type":"Polygon","coordinates":[[[16.170794307077298,50.847468240149844],[16.170792883948902,50.847423544861449],[16.172585189108993,50.847400661348267],[16.172586613952713,50.847445356642453],[16.170794307077298,50.847468240149844]]]},"properties":{"OBJECTID":103,"Shape_Length":262.39740549791009,"Shape_Area":627.61052082934498}},{"type":"Feature","id":104,"geometry":{"type":"Polygon","coordinates":[[[16.170791456717911,50.847370559033735],[16.17079002523931,50.847325109538616],[16.1725839058644,50.847302456848986],[16.172585339088794,50.847347906350272],[16.170791456717911,50.847370559033735]]]},"properties":{"OBJECTID":104,"Shape_Length":262.78648615388192,"Shape_Area":638.75778164502049}},{"type":"Feature","id":105,"geometry":{"type":"Polygon","coordinates":[[[16.170788988002364,50.84727312381392],[16.170787464151037,50.847224082012502],[16.172578398990737,50.847201780858697],[16.172579923303569,50.847250822632681],[16.170788988002364,50.84727312381392]]]},"properties":{"OBJECTID":105,"Shape_Length":263.16980111444661,"Shape_Area":688.1064688020607}},{"type":"Feature","id":106,"geometry":{"type":"Polygon","coordinates":[[[16.170651287732277,50.847178007693763],[16.170649676222059,50.847127035564242],[16.172578048959309,50.847102575050833],[16.172579662519894,50.847153548086141],[16.170651287732277,50.847178007693763]]]},"properties":{"OBJECTID":106,"Shape_Length":282.96066237539065,"Shape_Area":770.09531022463921}},{"type":"Feature","id":107,"geometry":{"type":"Polygon","coordinates":[[[16.17064040899853,50.847074529834607],[16.170639013747149,50.847028085173079],[16.17257677655827,50.847004731616266],[16.172578175101513,50.847051177218582],[16.17064040899853,50.847074529834607]]]},"properties":{"OBJECTID":107,"Shape_Length":283.27114202848247,"Shape_Area":705.08568690873756}},{"type":"Feature","id":108,"geometry":{"type":"Polygon","coordinates":[[[16.170781907552964,50.846975790060341],[16.170780508720611,50.846930341354636],[16.172573565789119,50.846908200727121],[16.172574966366398,50.846953649439492],[16.170781907552964,50.846975790060341]]]},"properties":{"OBJECTID":108,"Shape_Length":262.67014998345502,"Shape_Area":638.44751942761968}},{"type":"Feature","id":109,"geometry":{"type":"Polygon","coordinates":[[[16.170780841255898,50.846878759563744],[16.170779382711068,50.846833311208187],[16.172571101018047,50.846810262696181],[16.172572559833004,50.846855711921513],[16.170780841255898,50.846878759563744]]]},"properties":{"OBJECTID":109,"Shape_Length":262.48627829678708,"Shape_Area":637.99380688765245}},{"type":"Feature","id":110,"geometry":{"type":"Polygon","coordinates":[[[16.170641863627718,50.846782483220885],[16.170640334681359,50.846732659393062],[16.172564481487232,50.84670897397276],[16.172566012486335,50.846758797808491],[16.170641863627718,50.846782483220885]]]},"properties":{"OBJECTID":110,"Shape_Length":282.10883265531146,"Shape_Area":751.07918942723063}},{"type":"Feature","id":111,"geometry":{"type":"Polygon","coordinates":[[[16.170639714174591,50.846680459731125],[16.170638335619319,50.84663425570961],[16.172151185825424,50.84661615310808],[16.172152565877372,50.846662357135862],[16.170639714174591,50.846680459731125]]]},"properties":{"OBJECTID":111,"Shape_Length":223.3688376906025,"Shape_Area":547.61843010979533}},{"type":"Feature","id":112,"geometry":{"type":"Polygon","coordinates":[[[16.170773770524853,50.846580889768944],[16.17077235378235,50.846536136144898],[16.171741569144793,50.846523837482586],[16.171742986816053,50.846568591109815],[16.170773770524853,50.846580889768944]]]},"properties":{"OBJECTID":112,"Shape_Length":146.47718735675011,"Shape_Area":339.83736233065849}},{"type":"Feature","id":113,"geometry":{"type":"Polygon","coordinates":[[[16.170628190970167,50.84648531519781],[16.17062666368393,50.846439337906133],[16.171321899769723,50.846430076263857],[16.171323427794768,50.846476052659035],[16.170628190970167,50.84648531519781]]]},"properties":{"OBJECTID":113,"Shape_Length":108.16007548291057,"Shape_Area":250.44523286601577}},{"type":"Feature","id":114,"geometry":{"type":"Polygon","coordinates":[[[16.170217301172933,50.84639327280582],[16.170215563299369,50.84634423119109],[16.170908949039955,50.84633438366393],[16.170910687641648,50.846383425280074],[16.170217301172933,50.84639327280582]]]},"properties":{"OBJECTID":114,"Shape_Length":108.58481845226221,"Shape_Area":266.44546585536375}},{"type":"Feature","id":115,"geometry":{"type":"Polygon","coordinates":[[[16.168914112270375,50.847291409815789],[16.168912640624679,50.847247075916378],[16.169328472935263,50.847241542670979],[16.16932994497574,50.847285876571519],[16.168914112270375,50.847291409815789]]]},"properties":{"OBJECTID":115,"Shape_Length":68.436864089347253,"Shape_Area":144.44022641743237}},{"type":"Feature","id":116,"geometry":{"type":"Polygon","coordinates":[[[16.168910869951024,50.847193718203478],[16.168909385137962,50.847148991685813],[16.16932707559063,50.847143434282316],[16.169328560858137,50.847188159902679],[16.168910869951024,50.847193718203478]]]},"properties":{"OBJECTID":116,"Shape_Length":68.785978312621197,"Shape_Area":146.36937658791436}},{"type":"Feature","id":117,"geometry":{"type":"Polygon","coordinates":[[[16.169045230737495,50.847094980871987],[16.169043706227903,50.84704907739885],[16.169605789865198,50.847041596930303],[16.16960731492728,50.84708750040501],[16.169045230737495,50.847094980871987]]]},"properties":{"OBJECTID":117,"Shape_Length":89.38694735822952,"Shape_Area":202.15402733622597}},{"type":"Feature","id":118,"geometry":{"type":"Polygon","coordinates":[[[16.169043227043968,50.846997272544989],[16.169041660286787,50.846947444166737],[16.169603047511835,50.846940366105457],[16.169604616287138,50.846990194520323],[16.169043227043968,50.846997272544989]]]},"properties":{"OBJECTID":118,"Shape_Length":90.160348332916044,"Shape_Area":219.15789784828502}},{"type":"Feature","id":119,"geometry":{"type":"Polygon","coordinates":[[[16.169041038340247,50.846899990713034],[16.169039380570947,50.846850022460423],[16.169601783245188,50.846842538078818],[16.169603443035374,50.846892506367645],[16.169041038340247,50.846899990713034]]]},"properties":{"OBJECTID":119,"Shape_Length":90.336705627403745,"Shape_Area":220.18100845223279}},{"type":"Feature","id":120,"geometry":{"type":"Polygon","coordinates":[[[16.169038977785139,50.8468020479636],[16.169037543039202,50.846752081525494],[16.169595788928358,50.846745652467497],[16.169597224271563,50.846795618908381],[16.169038977785139,50.8468020479636]]]},"properties":{"OBJECTID":120,"Shape_Length":89.745867246292747,"Shape_Area":218.52154019609716}},{"type":"Feature","id":121,"geometry":{"type":"Polygon","coordinates":[[[16.168900402991969,50.846702116343351],[16.168898937940245,50.846657978749178],[16.169594177209227,50.846648727467453],[16.169595642918011,50.846692865063552],[16.168900402991969,50.846702116343351]]]},"properties":{"OBJECTID":121,"Shape_Length":107.75085336811918,"Shape_Area":240.42652435771816}},{"type":"Feature","id":122,"geometry":{"type":"Polygon","coordinates":[[[16.168898114708512,50.846604019596207],[16.16889675227117,50.846559267253269],[16.169457295075397,50.846552421365537],[16.169458658049869,50.846597173710592],[16.168898114708512,50.846604019596207]]]},"properties":{"OBJECTID":122,"Shape_Length":88.911517812426851,"Shape_Area":196.53258325533471}},{"type":"Feature","id":123,"geometry":{"type":"Polygon","coordinates":[[[16.168896135008826,50.846507022655366],[16.16889460507489,50.846458372058329],[16.169454750419717,50.846451310496683],[16.169456280937162,50.846499961095795],[16.168896135008826,50.846507022655366]]]},"properties":{"OBJECTID":123,"Shape_Length":89.724102432252494,"Shape_Area":213.50622253064}},{"type":"Feature","id":124,"geometry":{"type":"Polygon","coordinates":[[[16.16889351286887,50.846409322694711],[16.168891969767078,50.846360279479356],[16.169452113935414,50.846353217911329],[16.169453656206294,50.84640226109434],[16.16889351286887,50.846409322694711]]]},"properties":{"OBJECTID":124,"Shape_Length":89.811351610727954,"Shape_Area":215.22890836587158}},{"type":"Feature","id":125,"geometry":{"type":"Polygon","coordinates":[[[16.168619243634108,50.846315801100452],[16.168617529977105,50.846267372776289],[16.169305102837768,50.846257611406173],[16.169306818626882,50.846306039766226],[16.168619243634108,50.846315801100452]]]},"properties":{"OBJECTID":125,"Shape_Length":107.62983460180104,"Shape_Area":260.90855342375312}},{"type":"Feature","id":126,"geometry":{"type":"Polygon","coordinates":[[[16.168200409244999,50.846217724564305],[16.168199045599728,50.846174199456954],[16.169030746335658,50.846163748548577],[16.169032110756032,50.846207273658734],[16.168200409244999,50.846217724564305]]]},"properties":{"OBJECTID":126,"Shape_Length":126.83458548595569,"Shape_Area":283.61565218096018}},{"type":"Feature","id":127,"geometry":{"type":"Polygon","coordinates":[[[16.167249396454825,50.84662567439554],[16.16724857255582,50.846575861321419],[16.167391507759991,50.846574913806954],[16.167392331756986,50.846624727780977],[16.167249396454825,50.84662567439554]]]},"properties":{"OBJECTID":127,"Shape_Length":31.211685054278345,"Shape_Area":55.767718421552331}},{"type":"Feature","id":128,"geometry":{"type":"Polygon","coordinates":[[[16.16724615673311,50.846527973764985],[16.167244505379898,50.846478165782798],[16.167527429802689,50.846474404901969],[16.167529081403181,50.846524213783461],[16.16724615673311,50.846527973764985]]]},"properties":{"OBJECTID":128,"Shape_Length":50.934550989508054,"Shape_Area":110.41152304973896}},{"type":"Feature","id":129,"geometry":{"type":"Polygon","coordinates":[[[16.16710977718288,50.846432042374317],[16.167108124555281,50.846382234357414],[16.167666406647413,50.846374814019825],[16.167668058451309,50.846424622003987],[16.16710977718288,50.846432042374317]]]},"properties":{"OBJECTID":129,"Shape_Length":89.721228324066473,"Shape_Area":217.86846794189637}},{"type":"Feature","id":130,"geometry":{"type":"Polygon","coordinates":[[[16.167108082643562,50.846335279039096],[16.16710629495439,50.846286433189547],[16.167802390524056,50.846276220105366],[16.167804178941296,50.846325065956052],[16.167108082643562,50.846335279039096]]]},"properties":{"OBJECTID":130,"Shape_Length":108.92505722166655,"Shape_Area":266.42887841568745}},{"type":"Feature","id":131,"geometry":{"type":"Polygon","coordinates":[[[16.167103108064101,50.846230893278296],[16.167101831109079,50.846188745098665],[16.167935378513008,50.846178624897519],[16.167936656220281,50.846220773080198],[16.167103108064101,50.846230893278296]]]},"properties":{"OBJECTID":131,"Shape_Length":126.78670815837617,"Shape_Area":275.24621484173656}},{"type":"Feature","id":132,"geometry":{"type":"Polygon","coordinates":[[[16.167375288438624,50.846131448862302],[16.167373795821891,50.84608642969301],[16.168758143933754,50.846068021019008],[16.168759639304056,50.846113040226626],[16.167375288438624,50.846131448862302]]]},"properties":{"OBJECTID":132,"Shape_Length":205.01657101887091,"Shape_Area":488.30151485870675}},{"type":"Feature","id":133,"geometry":{"type":"Polygon","coordinates":[[[16.167372016976501,50.846032790108545],[16.167369775895832,50.845987786048738],[16.167514222217378,50.845984902817932],[16.167516463437224,50.846029906877227],[16.167372016976501,50.846032790108545]]]},"properties":{"OBJECTID":133,"Shape_Length":30.368288619247068,"Shape_Area":50.961704820091519}},{"type":"Feature","id":134,"geometry":{"type":"Polygon","coordinates":[[[16.165330156107576,50.846745881333817],[16.165328551042208,50.846697452876633],[16.165473795976609,50.846695524628572],[16.165475401138103,50.846743953984635],[16.165330156107576,50.846745881333817]]]},"properties":{"OBJECTID":134,"Shape_Length":31.234084478683442,"Shape_Area":55.111842920146394}},{"type":"Feature","id":135,"geometry":{"type":"Polygon","coordinates":[[[16.165327916057119,50.846649011110188],[16.165326250601861,50.846598742961426],[16.165606089190046,50.846595027797193],[16.16560775494651,50.84664529594685],[16.165327916057119,50.846649011110188]]]},"properties":{"OBJECTID":135,"Shape_Length":50.602078717066718,"Shape_Area":110.21501078919137}},{"type":"Feature","id":136,"geometry":{"type":"Polygon","coordinates":[[[16.165054532892491,50.846555125615303],[16.165052794604982,50.846506695711497],[16.16560193385688,50.846498795750136],[16.165603671240248,50.846547226518936],[16.165054532892491,50.846555125615303]]]},"properties":{"OBJECTID":136,"Shape_Length":88.130028620171657,"Shape_Area":208.38846222557396}},{"type":"Feature","id":137,"geometry":{"type":"Polygon","coordinates":[[[16.165052254099088,50.846457028955321],[16.165050739319572,50.846407983645612],[16.165740075897968,50.84639944777367],[16.165741591401396,50.846448493086093],[16.165052254099088,50.846457028955321]]]},"properties":{"OBJECTID":137,"Shape_Length":108.00880212409476,"Shape_Area":264.87805050202962}},{"type":"Feature","id":138,"geometry":{"type":"Polygon","coordinates":[[[16.165049670417215,50.846354422449942],[16.165048265038045,50.846310087377759],[16.165737949357336,50.846301324245296],[16.165739353972107,50.846345659285276],[16.165049670417215,50.846354422449942]]]},"properties":{"OBJECTID":138,"Shape_Length":107.01100145094952,"Shape_Area":239.56532745861733}},{"type":"Feature","id":139,"geometry":{"type":"Polygon","coordinates":[[[16.166283986133827,50.84644251524557],[16.166282181271153,50.846393474610181],[16.166698707260203,50.846387329734625],[16.166700512560269,50.846436370370675],[16.166283986133827,50.84644251524557]]]},"properties":{"OBJECTID":139,"Shape_Length":69.586441507721233,"Shape_Area":160.06073517074736}},{"type":"Feature","id":140,"geometry":{"type":"Polygon","coordinates":[[[16.166146000867332,50.846341927885788],[16.166144641118866,50.846297174653081],[16.166699370262112,50.846290420320081],[16.166700729123026,50.846335173520458],[16.166146000867332,50.846341927885788]]]},"properties":{"OBJECTID":140,"Shape_Length":88.093157493868176,"Shape_Area":194.49884382440615}},{"type":"Feature","id":141,"geometry":{"type":"Polygon","coordinates":[[[16.165047002261456,50.846258199532627],[16.165045612848363,50.846214140176528],[16.166557014981382,50.84619502689381],[16.166558405820346,50.846239086254954],[16.165047002261456,50.846258199532627]]]},"properties":{"OBJECTID":141,"Shape_Length":222.69471377470407,"Shape_Area":521.72808773915369}},{"type":"Feature","id":142,"geometry":{"type":"Polygon","coordinates":[[[16.16504376714127,50.846160498910095],[16.165042181032398,50.846112606264661],[16.166556644696087,50.846092496721241],[16.166558232358003,50.846140389371214],[16.16504376714127,50.846160498910095]]]},"properties":{"OBJECTID":142,"Shape_Length":223.98385783464076,"Shape_Area":568.29318595505754}},{"type":"Feature","id":143,"geometry":{"type":"Polygon","coordinates":[[[16.165042076868279,50.846063735610009],[16.165040374028528,50.846014885473672],[16.166418721541433,50.845995627220603],[16.166420425822935,50.846044477360145],[16.165042076868279,50.846063735610009]]]},"properties":{"OBJECTID":143,"Shape_Length":205.02874650964625,"Shape_Area":527.58289662678749}},{"type":"Feature","id":144,"geometry":{"type":"Polygon","coordinates":[[[16.165040323695791,50.845965056975913],[16.165038846838279,50.845915245983491],[16.16641551647179,50.845898883838046],[16.166416993432932,50.845948693903857],[16.165040323695791,50.845965056975913]]]},"properties":{"OBJECTID":144,"Shape_Length":204.99259709036883,"Shape_Area":537.22873512988463}},{"type":"Feature","id":145,"geometry":{"type":"Polygon","coordinates":[[[16.164902372757254,50.845867226722405],[16.164900744199091,50.845820293990641],[16.166412214164257,50.845799266936652],[16.16641384424133,50.845846199671882],[16.164902372757254,50.845867226722405]]]},"properties":{"OBJECTID":145,"Shape_Length":223.35472995915865,"Shape_Area":555.82940806620331}},{"type":"Feature","id":146,"geometry":{"type":"Polygon","coordinates":[[[16.16503527115103,50.845766761446917],[16.165033807510198,50.845719825528739],[16.166275869878984,50.845704292737466],[16.166277334768058,50.845751228660255],[16.16503527115103,50.845766761446917]]]},"properties":{"OBJECTID":146,"Shape_Length":185.39727528167057,"Shape_Area":456.7467893108992}},{"type":"Feature","id":147,"geometry":{"type":"Polygon","coordinates":[[[16.165033485137858,50.845667124658618],[16.165032151442645,50.845624021305696],[16.166136532308514,50.845610316352222],[16.166137867077438,50.845653418810564],[16.165033485137858,50.845667124658618]]]},"properties":{"OBJECTID":147,"Shape_Length":165.15074598914126,"Shape_Area":372.94989255708958}},{"type":"Feature","id":148,"geometry":{"type":"Polygon","coordinates":[[[16.159170653541263,50.846497092382691],[16.159169137369279,50.846451141212555],[16.159449940674673,50.84644742925299],[16.15945145575844,50.846493379490937],[16.159170653541263,50.846497092382691]]]},"properties":{"OBJECTID":148,"Shape_Length":49.777409815011303,"Shape_Area":101.0962693066061}},{"type":"Feature","id":149,"geometry":{"type":"Polygon","coordinates":[[[16.15875232382901,50.846404071408834],[16.158751036388853,50.846359344087652],[16.159447438136954,50.846351313621675],[16.159448726244058,50.846396040945983],[16.15875232382901,50.846404071408834]]]},"properties":{"OBJECTID":149,"Shape_Length":108.04087366880972,"Shape_Area":244.0227449042151}},{"type":"Feature","id":150,"geometry":{"type":"Polygon","coordinates":[[[16.158749749560346,50.846307218892349],[16.158748334737663,50.846262272522623],[16.159581565092463,50.84625175806886],[16.159582980662446,50.846296705339931],[16.158749749560346,50.846307218892349]]]},"properties":{"OBJECTID":150,"Shape_Length":127.36675876826448,"Shape_Area":293.42075477236631}},{"type":"Feature","id":151,"geometry":{"type":"Polygon","coordinates":[[[16.158611301112639,50.84621183253423],[16.158609850518406,50.846166635154113],[16.159307060918582,50.84615766970164],[16.15930851076844,50.846202867049428],[16.158611301112639,50.84621183253423]]]},"properties":{"OBJECTID":151,"Shape_Length":108.26403022742443,"Shape_Area":246.89419952196056}},{"type":"Feature","id":152,"geometry":{"type":"Polygon","coordinates":[[[16.158609474589131,50.846114327003122],[16.158608031987665,50.846067244804011],[16.159025614681131,50.846062117682067],[16.159027057703575,50.846109199882846],[16.158609474589131,50.846114327003122]]]},"properties":{"OBJECTID":152,"Shape_Length":69.294350965044714,"Shape_Area":154.03477127574217}},{"type":"Feature","id":153,"geometry":{"type":"Polygon","coordinates":[[[16.158470537968437,50.846018428302308],[16.158469012282115,50.845968600683634],[16.158885968265533,50.845963482191799],[16.158887494396716,50.846013309812228],[16.158470537968437,50.846018428302308]]]},"properties":{"OBJECTID":153,"Shape_Length":69.817012604503461,"Shape_Area":162.77237166900085}},{"type":"Feature","id":154,"geometry":{"type":"Polygon","coordinates":[[[16.158333473963125,50.845922898080261],[16.15833193670554,50.84587267877702],[16.158747651591213,50.845867576430962],[16.158749189295808,50.845917795735978],[16.158333473963125,50.845922898080261]]]},"properties":{"OBJECTID":154,"Shape_Length":69.729458160674042,"Shape_Area":163.56390097180753}},{"type":"Feature","id":155,"geometry":{"type":"Polygon","coordinates":[[[16.15833088697995,50.845825590848605],[16.158329230356504,50.845775371335108],[16.158609335483298,50.845771670513841],[16.158610991043453,50.845821889095205],[16.15833088697995,50.845825590848605]]]},"properties":{"OBJECTID":155,"Shape_Length":50.629313868984248,"Shape_Area":110.21396419199529}},{"type":"Feature","id":156,"geometry":{"type":"Polygon","coordinates":[[[16.158193216807,50.845730460473291],[16.158191535535739,50.845679456657642],[16.158471640139506,50.84567575525957],[16.158473321716677,50.845726759076165],[16.158193216807,50.845730460473291]]]},"properties":{"OBJECTID":156,"Shape_Length":50.804023682229435,"Shape_Area":111.93655621510287}},{"type":"Feature","id":157,"geometry":{"type":"Polygon","coordinates":[[[16.158054283534454,50.845634562236157],[16.158052780346171,50.845583553759049],[16.158333336825002,50.845580241613455],[16.1583348403197,50.845631250091913],[16.158054283534454,50.845634562236157]]]},"properties":{"OBJECTID":157,"Shape_Length":50.866563136199346,"Shape_Area":112.11779402096285}},{"type":"Feature","id":158,"geometry":{"type":"Polygon","coordinates":[[[16.157915996148237,50.845533473513079],[16.157914559730617,50.845487773489957],[16.158331727656115,50.84548251282073],[16.158333165901016,50.845528212879927],[16.157915996148237,50.845533473513079]]]},"properties":{"OBJECTID":158,"Shape_Length":68.929969262873158,"Shape_Area":149.36958104601518}},{"type":"Feature","id":159,"geometry":{"type":"Polygon","coordinates":[[[16.157769215000645,50.845437946004949],[16.15776777520329,50.845392747966301],[16.158328134898678,50.845385595866311],[16.158329575292942,50.845430793008425],[16.157769215000645,50.845437946004949]]]},"properties":{"OBJECTID":159,"Shape_Length":88.988632852129371,"Shape_Area":198.43642842740729}},{"type":"Feature","id":160,"geometry":{"type":"Polygon","coordinates":[[[16.157769556180597,50.845339971406304],[16.157768294517982,50.84529406419302],[16.158327418930469,50.845287902333979],[16.158328682561727,50.845333809584687],[16.157769556180597,50.845339971406304]]]},"properties":{"OBJECTID":160,"Shape_Length":88.968176857124547,"Shape_Area":201.08758458654415}},{"type":"Feature","id":161,"geometry":{"type":"Polygon","coordinates":[[[16.173599611988845,50.84536077589722],[16.17359812272154,50.845316025063212],[16.173745299169131,50.845314061373131],[16.173746789996567,50.845358812241919],[16.173599611988845,50.84536077589722]]]},"properties":{"OBJECTID":161,"Shape_Length":30.688509680219962,"Shape_Area":51.605171621042047}},{"type":"Feature","id":162,"geometry":{"type":"Polygon","coordinates":[[[16.173325251648912,50.845266923078476],[16.173323504616722,50.845218495846993],[16.173876500623184,50.845210502036558],[16.173878246809686,50.845258929234639],[16.173325251648912,50.845266923078476]]]},"properties":{"OBJECTID":162,"Shape_Length":88.67473521377579,"Shape_Area":209.84415010021189}},{"type":"Feature","id":163,"geometry":{"type":"Polygon","coordinates":[[[16.173043123905156,50.845172559184157],[16.173041430322261,50.84512167868106],[16.17400873080037,50.845108769716006],[16.174010425382736,50.845159651120497],[16.173043123905156,50.845172559184157]]]},"properties":{"OBJECTID":163,"Shape_Length":147.57786196734432,"Shape_Area":385.62933709446702}},{"type":"Feature","id":164,"geometry":{"type":"Polygon","coordinates":[[[16.171900662545788,50.84597710879018],[16.171899537551234,50.845927445042072],[16.172044274936397,50.845926130647761],[16.172045400084841,50.845975794396949],[16.171900662545788,50.84597710879018]]]},"properties":{"OBJECTID":164,"Shape_Length":31.43392443069996,"Shape_Area":56.3070844785261}},{"type":"Feature","id":165,"geometry":{"type":"Polygon","coordinates":[[[16.17162724969447,50.845882625329274],[16.171625746163521,50.845834195870204],[16.172313140346528,50.845825645145176],[16.172314643171156,50.845874074572485],[16.17162724969447,50.845882625329274]]]},"properties":{"OBJECTID":165,"Shape_Length":107.59921587002617,"Shape_Area":260.8176085174249}},{"type":"Feature","id":166,"geometry":{"type":"Polygon","coordinates":[[[16.170937450719705,50.845789421255837],[16.170936069416722,50.845743515890227],[16.172175996517012,50.845728561209988],[16.172177377673957,50.845774465647743],[16.170937450719705,50.845789421255837]]]},"properties":{"OBJECTID":166,"Shape_Length":184.86403915511713,"Shape_Area":445.93126913314262}},{"type":"Feature","id":167,"geometry":{"type":"Polygon","coordinates":[[[16.16983800055182,50.845706525201933],[16.169836521233869,50.845661012432295],[16.171902544673443,50.845634079238863],[16.17190402605911,50.845679591116379],[16.16983800055182,50.845706525201933]]]},"properties":{"OBJECTID":167,"Shape_Length":301.14715447886897,"Shape_Area":736.72390928272387}},{"type":"Feature","id":168,"geometry":{"type":"Polygon","coordinates":[[[16.169011666134821,50.845618168418973],[16.169010275972131,50.845573472984213],[16.171762620809325,50.845539135404856],[16.171764013551616,50.845583831747845],[16.169011666134821,50.845618168418973]]]},"properties":{"OBJECTID":168,"Shape_Length":397.63480196249657,"Shape_Area":963.82111812754943}},{"type":"Feature","id":169,"geometry":{"type":"Polygon","coordinates":[[[16.168736436701739,50.845524733515404],[16.168734971017575,50.845478027963097],[16.17175337383566,50.845440032291414],[16.171754842538306,50.845486737854529],[16.168736436701739,50.845524733515404]]]},"properties":{"OBJECTID":169,"Shape_Length":435.56083724645634,"Shape_Area":1104.5255835251501}},{"type":"Feature","id":170,"geometry":{"type":"Polygon","coordinates":[[[16.168734420366665,50.845426633452092],[16.168732877706727,50.84537641244362],[16.171613982555701,50.845340904679524],[16.171615528313648,50.845391125699905],[16.168734420366665,50.845426633452092]]]},"properties":{"OBJECTID":170,"Shape_Length":417.00078089542103,"Shape_Area":1133.6222348416632}},{"type":"Feature","id":171,"geometry":{"type":"Polygon","coordinates":[[[16.168732247266696,50.84532382470433],[16.168730930112211,50.845274104041714],[16.171611139389832,50.845243474778414],[16.171612459610383,50.84529319545797],[16.168732247266696,50.84532382470433]]]},"properties":{"OBJECTID":171,"Shape_Length":416.74401512624127,"Shape_Area":1121.8729783333563}},{"type":"Feature","id":172,"geometry":{"type":"Polygon","coordinates":[[[16.168729987405442,50.845227328407006],[16.168728568139311,50.845182601665599],[16.171336516148305,50.845149415609718],[16.171337936492836,50.845194142325312],[16.168729987405442,50.845227328407006]]]},"properties":{"OBJECTID":172,"Shape_Length":377.3081452840467,"Shape_Area":913.9078834001923}},{"type":"Feature","id":173,"geometry":{"type":"Polygon","coordinates":[[[16.168727028581223,50.845129209055145],[16.168725504660401,50.845079992638446],[16.170918371746449,50.845052745771142],[16.17091989792365,50.845101963094947],[16.168727028581223,50.845129209055145]]]},"properties":{"OBJECTID":173,"Shape_Length":319.83637588730005,"Shape_Area":845.5816266932826}},{"type":"Feature","id":174,"geometry":{"type":"Polygon","coordinates":[[[16.168997563714488,50.845028581864618],[16.16899602729946,50.844978863080335],[16.170917108357809,50.844955043745287],[16.170918646817867,50.845004762537314],[16.168997563714488,50.845028581864618]]]},"properties":{"OBJECTID":174,"Shape_Length":281.6647219251854,"Shape_Area":748.33429576088929}},{"type":"Feature","id":175,"geometry":{"type":"Polygon","coordinates":[[[16.168994302861837,50.844925866381899],[16.168992911107487,50.844880164965417],[16.171058604292313,50.844854936857011],[16.171059998067932,50.844900638281501],[16.168994302861837,50.844925866381899]]]},"properties":{"OBJECTID":175,"Shape_Length":301.13983608670151,"Shape_Area":739.64098374330672}},{"type":"Feature","id":176,"geometry":{"type":"Polygon","coordinates":[[[16.168720888773251,50.844832161453333],[16.16871946099819,50.844787434502749],[16.171056282852195,50.844757499788635],[16.171057712865089,50.844802226746765],[16.168720888773251,50.844832161453333]]]},"properties":{"OBJECTID":176,"Shape_Length":339.12101140390746,"Shape_Area":818.91228581427094}},{"type":"Feature","id":177,"geometry":{"type":"Polygon","coordinates":[[[16.172145372568423,50.844789299214419],[16.17214395291284,50.844744101951797],[16.172696147560934,50.844737145281741],[16.172697567696535,50.844782343444685],[16.172145372568423,50.844789299214419]]]},"properties":{"OBJECTID":177,"Shape_Length":87.83869368543121,"Shape_Area":195.54412127805679}},{"type":"Feature","id":178,"geometry":{"type":"Polygon","coordinates":[[[16.16871800750021,50.844734873563148],[16.168716460638286,50.84468521480143],[16.173655464351128,50.844623460070238],[16.17365701651865,50.844673117952745],[16.16871800750021,50.844734873563148]]]},"properties":{"OBJECTID":178,"Shape_Length":706.76174642854119,"Shape_Area":1921.6145009738225}},{"type":"Feature","id":179,"geometry":{"type":"Polygon","coordinates":[[[16.168715971574088,50.844637683576501],[16.168714392914072,50.844587212452929],[16.17365166721131,50.84452519013513],[16.173653251206613,50.84457566127795],[16.168715971574088,50.844637683576501]]]},"properties":{"OBJECTID":179,"Shape_Length":706.70172440902479,"Shape_Area":1952.3945121196912}},{"type":"Feature","id":180,"geometry":{"type":"Polygon","coordinates":[[[16.168713504203691,50.844534641830968],[16.168712118037373,50.844490307286961],[16.173929265086084,50.844424801061173],[16.173930656204639,50.844469135623051],[16.168713504203691,50.844534641830968]]]},"properties":{"OBJECTID":180,"Shape_Length":744.76112373138039,"Shape_Area":1812.230404645315}},{"type":"Feature","id":181,"geometry":{"type":"Polygon","coordinates":[[[16.168711493856623,50.844437029572489],[16.168710118021536,50.844393087576783],[16.173927884406353,50.844327476869388],[16.173929265150385,50.844371418882773],[16.168711493856623,50.844437029572489]]]},"properties":{"OBJECTID":181,"Shape_Length":744.76298944069174,"Shape_Area":1796.4034802748715}},{"type":"Feature","id":182,"geometry":{"type":"Polygon","coordinates":[[[16.1689813417388,50.844336724968372],[16.168979808132789,50.844287687370233],[16.173781961028904,50.844227372054497],[16.173783499731069,50.844276408772394],[16.1689813417388,50.844336724968372]]]},"properties":{"OBJECTID":182,"Shape_Length":687.353498192301,"Shape_Area":1845.0204682303111}},{"type":"Feature","id":183,"geometry":{"type":"Polygon","coordinates":[[[16.168978314069516,50.844238794694341],[16.168976774346842,50.844188825689002],[16.172954002983062,50.844139602062953],[16.172955548379825,50.844189571118868],[16.168978314069516,50.844238794694341]]]},"properties":{"OBJECTID":183,"Shape_Length":571.35794689194415,"Shape_Area":1557.1035882666838}},{"type":"Feature","id":184,"geometry":{"type":"Polygon","coordinates":[[[16.168704090317064,50.844139213449516],[16.168702696267594,50.844094094115391],[16.172960527118825,50.844041293487876],[16.172961925281406,50.844086412837505],[16.168704090317064,50.844139213449516]]]},"properties":{"OBJECTID":184,"Shape_Length":609.80678368740212,"Shape_Area":1505.1810903710066}},{"type":"Feature","id":185,"geometry":{"type":"Polygon","coordinates":[[[16.168701493484573,50.844042297760865],[16.168700147144268,50.843999065494515],[16.172958707019841,50.843945863413758],[16.172960055828494,50.843989096558623],[16.168701493484573,50.844042297760865]]]},"properties":{"OBJECTID":185,"Shape_Length":609.49258541616155,"Shape_Area":1442.5007304466526}},{"type":"Feature","id":186,"geometry":{"type":"Polygon","coordinates":[[[16.168699477161823,50.843944197677146],[16.168697922264812,50.843893475190875],[16.172266671534675,50.843849582344561],[16.172268230307235,50.843900304845803],[16.168699477161823,50.843944197677146]]]},"properties":{"OBJECTID":186,"Shape_Length":513.98826798278606,"Shape_Area":1418.2521330463305}},{"type":"Feature","id":187,"geometry":{"type":"Polygon","coordinates":[[[16.168696883627614,50.843847391837329],[16.168695315906589,50.843796669938719],[16.171712160771644,50.843759256525409],[16.171713731768808,50.843809978436369],[16.168696883627614,50.843847391837329]]]},"properties":{"OBJECTID":187,"Shape_Length":436.24771854674145,"Shape_Area":1198.9166304787691}},{"type":"Feature","id":188,"geometry":{"type":"Polygon","coordinates":[[[16.168695327367868,50.843744464878121],[16.168693984635542,50.84370093847393],[16.171303714572787,50.843668641967732],[16.171305059682727,50.843712169279598],[16.168695327367868,50.843744464878121]]]},"properties":{"OBJECTID":188,"Shape_Length":377.29980750742203,"Shape_Area":890.00726933475403}},{"type":"Feature","id":189,"geometry":{"type":"Polygon","coordinates":[[[16.168548308831344,50.843648293871148],[16.168546894843647,50.843601605754095],[16.170891066284032,50.843573142658393],[16.170892481195875,50.843619830750455],[16.168548308831344,50.843648293871148]]]},"properties":{"OBJECTID":189,"Shape_Length":340.59383621381653,"Shape_Area":857.49373165589395}},{"type":"Feature","id":190,"geometry":{"type":"Polygon","coordinates":[[[16.168410636777608,50.843553567915741],[16.168409076914994,50.843502955971061],[16.170064767423558,50.843482488691876],[16.170066329025854,50.843533101541851],[16.168410636777608,50.843553567915741]]]},"properties":{"OBJECTID":190,"Shape_Length":244.4878187456271,"Shape_Area":656.56592738657673}},{"type":"Feature","id":191,"geometry":{"type":"Polygon","coordinates":[[[16.168271305813079,50.843457404169605],[16.16826981349805,50.843406430355884],[16.169238530074395,50.843395046993685],[16.169240023446605,50.843446020812131],[16.168271305813079,50.843457404169605]]]},"properties":{"OBJECTID":191,"Shape_Length":147.79587151147069,"Shape_Area":386.87535879992356}},{"type":"Feature","id":192,"geometry":{"type":"Polygon","coordinates":[[[16.168405706197955,50.843358650570813],[16.168404175955089,50.843307925073596],[16.168821249630632,50.843302881147565],[16.168822780380864,50.843353605748213],[16.168405706197955,50.843358650570813]]]},"properties":{"OBJECTID":192,"Shape_Length":70.035973074816454,"Shape_Area":165.75720546290322}},{"type":"Feature","id":193,"geometry":{"type":"Polygon","coordinates":[[[16.167911065323132,50.845438393341318],[16.167909189576992,50.845387515493776],[16.168324746658378,50.845381375537194],[16.168326621438126,50.84543225335095],[16.167911065323132,50.845438393341318]]]},"properties":{"OBJECTID":193,"Shape_Length":69.859913590858511,"Shape_Area":165.67410085862568}},{"type":"Feature","id":194,"geometry":{"type":"Polygon","coordinates":[[[16.16790766970664,50.845336018252084],[16.16790588126949,50.845291885372227],[16.168322521520441,50.84528511760729],[16.168324310351291,50.845329250487119],[16.16790766970664,50.845336018252084]]]},"properties":{"OBJECTID":194,"Shape_Length":68.515832776451063,"Shape_Area":144.10194254700863}},{"type":"Feature","id":195,"geometry":{"type":"Polygon","coordinates":[[[16.167769101663584,50.845238898944459],[16.167767682674775,50.845193197743768],[16.168592816070255,50.845182931606153],[16.168594234392945,50.845228633673848],[16.167769101663584,50.845238898944459]]]},"properties":{"OBJECTID":195,"Shape_Length":126.39564279516037,"Shape_Area":295.45043500555937}},{"type":"Feature","id":196,"geometry":{"type":"Polygon","coordinates":[[[16.167350061293174,50.845147127900667],[16.167348456313569,50.845096154041052],[16.168590208439799,50.845080474004988],[16.168591816193725,50.845131447903874],[16.167350061293174,50.845147127900667]]]},"properties":{"OBJECTID":196,"Shape_Length":186.25496452033488,"Shape_Area":495.92733968622343}},{"type":"Feature","id":197,"geometry":{"type":"Polygon","coordinates":[[[16.166804710251188,50.845056483021452],[16.166803152524359,50.845006263401416],[16.16858700912162,50.844984053862603],[16.16858857018563,50.845034273524277],[16.166804710251188,50.845056483021452]]]},"properties":{"OBJECTID":197,"Shape_Length":262.44732231131189,"Shape_Area":701.88335143343443}},{"type":"Feature","id":198,"geometry":{"type":"Polygon","coordinates":[[[16.165424815373015,50.844970952671645],[16.16542340268488,50.844926005579559],[16.168585346289515,50.844886105433289],[16.168586762020592,50.844931052536232],[16.165424815373015,50.844970952671645]]]},"properties":{"OBJECTID":198,"Shape_Length":455.39483933801279,"Shape_Area":1113.5059943120987}},{"type":"Feature","id":199,"geometry":{"type":"Polygon","coordinates":[[[16.165423426101611,50.844872844335733],[16.165422029551316,50.844827724880126],[16.1685824279622,50.844788472027957],[16.16858382756558,50.844833591495103],[16.165423426101611,50.844872844335733]]]},"properties":{"OBJECTID":199,"Shape_Length":455.21364256660473,"Shape_Area":1117.2185648181198}},{"type":"Feature","id":200,"geometry":{"type":"Polygon","coordinates":[[[16.165420878566312,50.844776001707544],[16.165419286191561,50.844724737483325],[16.168308258923911,50.844688746344012],[16.168309854469594,50.844740010580054],[16.165420878566312,50.844776001707544]]]},"properties":{"OBJECTID":200,"Shape_Length":418.34901846589082,"Shape_Area":1160.3589321650934}},{"type":"Feature","id":201,"geometry":{"type":"Polygon","coordinates":[[[16.16541893993249,50.844678234522981],[16.165417387230782,50.844627933113017],[16.168306832178658,50.844592141587498],[16.168308387992255,50.844642443009306],[16.16541893993249,50.844678234522981]]]},"properties":{"OBJECTID":201,"Shape_Length":418.20124015322335,"Shape_Area":1138.7489518161422}},{"type":"Feature","id":202,"geometry":{"type":"Polygon","coordinates":[[[16.165415943820577,50.844575782639517],[16.165414552832218,50.844531087107271],[16.168575822953091,50.844491587656428],[16.168577218385735,50.844536283234376],[16.165415943820577,50.844575782639517]]]},"properties":{"OBJECTID":202,"Shape_Length":455.24610039558684,"Shape_Area":1107.0396831721969}},{"type":"Feature","id":203,"geometry":{"type":"Polygon","coordinates":[[[16.165694182943451,50.844474778102146],[16.165692761720685,50.844429076800537],[16.168573746815795,50.844393142411214],[16.168575170911996,50.844438842824871],[16.165694182943451,50.844474778102146]]]},"properties":{"OBJECTID":203,"Shape_Length":415.9888212442828,"Shape_Area":1031.579924398352}},{"type":"Feature","id":204,"geometry":{"type":"Polygon","coordinates":[[[16.165692197874414,50.844377462376848],[16.165690650277135,50.844327634372213],[16.168570900978281,50.844291708346965],[16.168572453067377,50.844341536397472],[16.165692197874414,50.844377462376848]]]},"properties":{"OBJECTID":204,"Shape_Length":416.80458786653946,"Shape_Area":1124.4558490767538}},{"type":"Feature","id":205,"geometry":{"type":"Polygon","coordinates":[[[16.165409530660298,50.844283963766777],[16.165407979237798,50.844234859974513],[16.168568486664277,50.844194787189437],[16.168570041355096,50.844243891891814],[16.165409530660298,50.844283963766777]]]},"properties":{"OBJECTID":205,"Shape_Length":456.12490016014141,"Shape_Area":1215.9641326482847}},{"type":"Feature","id":206,"geometry":{"type":"Polygon","coordinates":[[[16.165406556669915,50.84418053796778],[16.16540519901886,50.844137237881775],[16.168565257586963,50.844097474643505],[16.16856661822203,50.84414077384163],[16.165406556669915,50.84418053796778]]]},"properties":{"OBJECTID":206,"Shape_Length":454.76977973565027,"Shape_Area":1072.068702870677}},{"type":"Feature","id":207,"geometry":{"type":"Polygon","coordinates":[[[16.165404743726924,50.844083205718341],[16.165403309732461,50.844036922848659],[16.168292493286941,50.844000995154779],[16.168293930144358,50.844047278035234],[16.165404743726924,50.844083205718341]]]},"properties":{"OBJECTID":207,"Shape_Length":417.2761195683961,"Shape_Area":1047.6966307628261}},{"type":"Feature","id":208,"geometry":{"type":"Polygon","coordinates":[[[16.165402368905241,50.843985952485063],[16.165400808854312,50.843936241138351],[16.168290039917384,50.843899848631693],[16.168291603043404,50.843949559989461],[16.165402368905241,50.843985952485063]]]},"properties":{"OBJECTID":208,"Shape_Length":418.04857591950417,"Shape_Area":1125.3385925746702}},{"type":"Feature","id":209,"geometry":{"type":"Polygon","coordinates":[[[16.165400427906608,50.843888997721415],[16.165398858104361,50.843839447195244],[16.167735371836343,50.843809743839238],[16.167736944117379,50.84385929437407],[16.165400427906608,50.843888997721415]]]},"properties":{"OBJECTID":209,"Shape_Length":340.15680731281964,"Shape_Area":907.12296176415202}},{"type":"Feature","id":210,"geometry":{"type":"Polygon","coordinates":[[[16.168144565199622,50.84385476644713],[16.168142905742314,50.84380477111916],[16.168558886569372,50.843799238176871],[16.168560545052909,50.843849233471666],[16.168144565199622,50.84385476644713]]]},"properties":{"OBJECTID":210,"Shape_Length":69.721619883873643,"Shape_Area":162.95498976279148}},{"type":"Feature","id":211,"geometry":{"type":"Polygon","coordinates":[[[16.165678202566138,50.843782343117716],[16.165676843354557,50.843738595812589],[16.167053181486136,50.843721455592792],[16.167054540567786,50.843765202868248],[16.165678202566138,50.843782343117716]]]},"properties":{"OBJECTID":211,"Shape_Length":203.6094219947496,"Shape_Area":471.75825482869453}},{"type":"Feature","id":212,"geometry":{"type":"Polygon","coordinates":[[[16.165675892461408,50.843684786442807],[16.165674498011647,50.843639253143287],[16.167051305567522,50.843622338523801],[16.167052701359474,50.843667871828586],[16.165675892461408,50.843684786442807]]]},"properties":{"OBJECTID":212,"Shape_Length":204.07236268133295,"Shape_Area":491.18170551429682}},{"type":"Feature","id":213,"geometry":{"type":"Polygon","coordinates":[[[16.165393373064436,50.843590770378434],[16.165391889984175,50.843541664643467],[16.166906245793321,50.843523337345047],[16.166907729046663,50.843572443052047],[16.165393373064436,50.843590770378434]]]},"properties":{"OBJECTID":213,"Shape_Length":224.24181559379468,"Shape_Area":582.63404363839436}},{"type":"Feature","id":214,"geometry":{"type":"Polygon","coordinates":[[[16.165391491023406,50.843493921415508],[16.16538990220462,50.843443067561815],[16.166903267032481,50.843424108896009],[16.166904857444518,50.843474963654174],[16.165391491023406,50.843493921415508]]]},"properties":{"OBJECTID":214,"Shape_Length":224.4947306173151,"Shape_Area":603.00320451135713}},{"type":"Feature","id":215,"geometry":{"type":"Polygon","coordinates":[[[16.165389176529846,50.843396774913245],[16.165387600823642,50.843347064081478],[16.166900075285724,50.843327831903899],[16.166901652601659,50.843377542741273],[16.165389176529846,50.843396774913245]]]},"properties":{"OBJECTID":215,"Shape_Length":224.11667112013501,"Shape_Area":589.10583568212053}},{"type":"Feature","id":216,"geometry":{"type":"Polygon","coordinates":[[[16.16580238070064,50.843289698750247],[16.165800931219852,50.84324464908758],[16.166902178628106,50.843230429284624],[16.166903630590088,50.843275478985298],[16.16580238070064,50.843289698750247]]]},"properties":{"OBJECTID":216,"Shape_Length":165.15306773703315,"Shape_Area":388.72049136343878}},{"type":"Feature","id":217,"geometry":{"type":"Polygon","coordinates":[[[16.16459801309794,50.84488303529551],[16.164596758806805,50.84483720036895],[16.165021634483828,50.844832536896952],[16.165022890610985,50.844878371860148],[16.16459801309794,50.84488303529551]]]},"properties":{"OBJECTID":217,"Shape_Length":70.042999486193281,"Shape_Area":152.56521828451113}},{"type":"Feature","id":218,"geometry":{"type":"Polygon","coordinates":[[[16.163501204587671,50.844799699798784],[16.163499654895837,50.844749640457721],[16.165019293340215,50.844730782045112],[16.165020843296247,50.844780840459435],[16.163501204587671,50.844799699798784]]]},"properties":{"OBJECTID":218,"Shape_Length":225.19474520163956,"Shape_Area":596.01166505046672}},{"type":"Feature","id":219,"geometry":{"type":"Polygon","coordinates":[[[16.163090340283855,50.844707913356501],[16.163088787278937,50.844657119715208],[16.165289375572549,50.844630126311728],[16.165290931025147,50.84468091906399],[16.163090340283855,50.844707913356501]]]},"properties":{"OBJECTID":219,"Shape_Length":321.27656100237596,"Shape_Area":875.73959758452156}},{"type":"Feature","id":220,"geometry":{"type":"Polygon","coordinates":[[[16.1626757498709,50.84460896261762],[16.162674379890309,50.8445641046847],[16.165286996072883,50.844532110865138],[16.16528836856272,50.844576968807978],[16.1626757498709,50.84460896261762]]]},"properties":{"OBJECTID":220,"Shape_Length":377.99501496701311,"Shape_Area":918.21854289811336}},{"type":"Feature","id":221,"geometry":{"type":"Polygon","coordinates":[[[16.16239720005807,50.844516048119189],[16.162395647234835,50.844465989575369],[16.165284642790322,50.84443003090842],[16.165286198709932,50.844480089463879],[16.16239720005807,50.844516048119189]]]},"properties":{"OBJECTID":221,"Shape_Length":418.08652422651522,"Shape_Area":1133.0850698774857}},{"type":"Feature","id":222,"geometry":{"type":"Polygon","coordinates":[[[16.16225900663165,50.844420076652035],[16.162257401695399,50.844369287125105],[16.165281876327562,50.844330944327361],[16.16528348313367,50.844381733831391],[16.16225900663165,50.844420076652035]]]},"properties":{"OBJECTID":222,"Shape_Length":437.33694587399521,"Shape_Area":1203.5619544275103}},{"type":"Feature","id":223,"geometry":{"type":"Polygon","coordinates":[[[16.162121215107344,50.844324587173872],[16.162119649598296,50.844274812640393],[16.165281102749447,50.844234920409747],[16.165282671627637,50.844284694955334],[16.162121215107344,50.844324587173872]]]},"properties":{"OBJECTID":223,"Shape_Length":456.40651694813818,"Shape_Area":1232.9285253585972}},{"type":"Feature","id":224,"geometry":{"type":"Polygon","coordinates":[[[16.162117465050887,50.844221774881333],[16.162116067539142,50.844176630139067],[16.165007151932919,50.844140714037827],[16.165008552239097,50.844185858790695],[16.162117465050887,50.844221774881333]]]},"properties":{"OBJECTID":224,"Shape_Length":417.289758610896,"Shape_Area":1022.6039547624855}},{"type":"Feature","id":225,"geometry":{"type":"Polygon","coordinates":[[[16.161979832122487,50.844126262092978],[16.161978422843514,50.844081079270758],[16.165003717889185,50.844043201099204],[16.165005130094769,50.844088383932238],[16.161979832122487,50.844126262092978]]]},"properties":{"OBJECTID":225,"Shape_Length":436.20570330277542,"Shape_Area":1070.9867956098137}},{"type":"Feature","id":226,"geometry":{"type":"Polygon","coordinates":[[[16.161977395310039,50.844028228024833],[16.161975835365023,50.843977100371511],[16.165273303496214,50.843936748751617],[16.16527486705079,50.843987876419206],[16.161977395310039,50.844028228024833]]]},"properties":{"OBJECTID":226,"Shape_Length":475.8644221346658,"Shape_Area":1320.909293188879}},{"type":"Feature","id":227,"geometry":{"type":"Polygon","coordinates":[[[16.163207511717861,50.843915876361059],[16.163205940497523,50.843864842035963],[16.1652712445531,50.84383932953542],[16.165272819449132,50.843890363903725],[16.163207511717861,50.843915876361059]]]},"properties":{"OBJECTID":227,"Shape_Length":302.27983418575712,"Shape_Area":825.82301255164407}},{"type":"Feature","id":228,"geometry":{"type":"Polygon","coordinates":[[[16.163205427455331,50.843813091145464],[16.163204024685868,50.843767945394681],[16.165269426004329,50.843742211285367],[16.165270829405586,50.84378735611066],[16.163205427455331,50.843813091145464]]]},"properties":{"OBJECTID":228,"Shape_Length":300.98470384391157,"Shape_Area":730.56812399805904}},{"type":"Feature","id":229,"geometry":{"type":"Polygon","coordinates":[[[16.163202354800312,50.843715235101314],[16.163200945131454,50.8436687512283],[16.165266305068048,50.843643627144807],[16.165267716792382,50.843690111026135],[16.163202354800312,50.843715235101314]]]},"properties":{"OBJECTID":229,"Shape_Length":301.27467340725468,"Shape_Area":752.20314486279244}},{"type":"Feature","id":230,"geometry":{"type":"Polygon","coordinates":[[[16.163200702840218,50.843618674191632],[16.16319912120678,50.843568677942315],[16.165263539066945,50.843542494493882],[16.165265122910174,50.843592490750993],[16.163200702840218,50.843618674191632]]]},"properties":{"OBJECTID":230,"Shape_Length":301.92889969749604,"Shape_Area":808.69934021860718}},{"type":"Feature","id":231,"geometry":{"type":"Polygon","coordinates":[[[16.16319800549882,50.843521307750862],[16.163196420259464,50.843470293776413],[16.164989208354903,50.843447940490158],[16.164990796971367,50.843498954506444],[16.16319800549882,50.843521307750862]]]},"properties":{"OBJECTID":231,"Shape_Length":263.89091885133121,"Shape_Area":716.58134525212961}},{"type":"Feature","id":232,"geometry":{"type":"Polygon","coordinates":[[[16.163331690068411,50.843422518210701],[16.163330089791121,50.843372522409211],[16.164987703909723,50.843351229358888],[16.164989307380374,50.843401225200878],[16.163331690068411,50.843422518210701]]]},"properties":{"OBJECTID":232,"Shape_Length":244.62651343911722,"Shape_Area":649.34504750603344}},{"type":"Feature","id":233,"geometry":{"type":"Polygon","coordinates":[[[16.161298575193854,50.844427040224396],[16.161297099289552,50.844382356938908],[16.161577676900702,50.844378641655979],[16.161579153073447,50.844423324942277],[16.161298575193854,50.844427040224396]]]},"properties":{"OBJECTID":233,"Shape_Length":49.465466695565972,"Shape_Area":98.233348495094447}},{"type":"Feature","id":234,"geometry":{"type":"Polygon","coordinates":[[[16.161161683357196,50.84433059794879],[16.161160254323434,50.844287297843685],[16.161438046476064,50.84428362036239],[16.16143947718642,50.844326920502809],[16.161161683357196,50.84433059794879]]]},"properties":{"OBJECTID":234,"Shape_Length":48.765523454369614,"Shape_Area":94.247936174702772}},{"type":"Feature","id":235,"geometry":{"type":"Polygon","coordinates":[[[16.161158485274321,50.84423373121242],[16.161157109778806,50.844186414048828],[16.161436138804014,50.844183163486079],[16.161437514582214,50.844230480650978],[16.161158485274321,50.84423373121242]]]},"properties":{"OBJECTID":235,"Shape_Length":49.831048200065297,"Shape_Area":103.43985683413922}},{"type":"Feature","id":236,"geometry":{"type":"Polygon","coordinates":[[[16.161019194306807,50.84413821919734],[16.161017573544161,50.844089116318983],[16.161434260731898,50.844083599898156],[16.161435883351661,50.844132702812352],[16.161019194306807,50.84413821919734]]]},"properties":{"OBJECTID":236,"Shape_Length":69.622438303533698,"Shape_Area":160.31771891906084}},{"type":"Feature","id":237,"geometry":{"type":"Polygon","coordinates":[[[16.161153440148887,50.84403913985696],[16.161151770319936,50.843988572764594],[16.161567808058066,50.843983064356195],[16.161569478337469,50.844033631449904],[16.161153440148887,50.84403913985696]]]},"properties":{"OBJECTID":237,"Shape_Length":69.856750957533919,"Shape_Area":164.84096678844509}},{"type":"Feature","id":238,"geometry":{"type":"Polygon","coordinates":[[[16.161150693278941,50.843942285001006],[16.161148571182721,50.843893151024147],[16.161429247944806,50.843888293132437],[16.161431368917246,50.843937427074458],[16.161150693278941,50.843942285001006]]]},"properties":{"OBJECTID":238,"Shape_Length":50.477807917897522,"Shape_Area":108.09037777761286}},{"type":"Feature","id":239,"geometry":{"type":"Polygon","coordinates":[[[16.16087683320945,50.843842137071306],[16.160875452729044,50.843797854693946],[16.1612906593957,50.843792665367047],[16.161292040269757,50.843836947745849],[16.16087683320945,50.843842137071306]]]},"properties":{"OBJECTID":239,"Shape_Length":68.339996149145378,"Shape_Area":144.05915759913691}},{"type":"Feature","id":240,"geometry":{"type":"Polygon","coordinates":[[[16.160737479725039,50.843746255173109],[16.160736110169484,50.843699970175912],[16.161154713291619,50.843695001704354],[16.161156084681032,50.843741286737924],[16.160737479725039,50.843746255173109]]]},"properties":{"OBJECTID":240,"Shape_Length":69.262898791836022,"Shape_Area":151.80062860271715}},{"type":"Feature","id":241,"geometry":{"type":"Polygon","coordinates":[[[16.160736087738194,50.843649381999441],[16.160734540909822,50.84360252943074],[16.161150575253373,50.843597021557734],[16.16115212244453,50.84364387502611],[16.160736087738194,50.843649381999441]]]},"properties":{"OBJECTID":241,"Shape_Length":69.030402840558409,"Shape_Area":152.73366619440935}},{"type":"Feature","id":242,"geometry":{"type":"Polygon","coordinates":[[[16.160870045203115,50.843550146602929],[16.160868546246604,50.843501006193442],[16.161148193792485,50.84349758966006],[16.161149691678748,50.843546729137785],[16.160870045203115,50.843550146602929]]]},"properties":{"OBJECTID":242,"Shape_Length":50.32504577401513,"Shape_Area":107.66773055640142}},{"type":"Feature","id":243,"geometry":{"type":"Polygon","coordinates":[[[16.163041889888383,50.842636347864918],[16.163040487618751,50.842592601253997],[16.164144538943571,50.842578406576571],[16.164145942247245,50.842622153190952],[16.163041889888383,50.842636347864918]]]},"properties":{"OBJECTID":243,"Shape_Length":165.26005949465824,"Shape_Area":378.44217352414773}},{"type":"Feature","id":244,"geometry":{"type":"Polygon","coordinates":[[[16.162631211676388,50.842544185339356],[16.162629752513595,50.842498760169065],[16.164142668869218,50.842479270642109],[16.164144129503342,50.842524695817332],[16.162631211676388,50.842544185339356]]]},"properties":{"OBJECTID":244,"Shape_Length":223.23067422835271,"Shape_Area":538.49174146658038}},{"type":"Feature","id":245,"geometry":{"type":"Polygon","coordinates":[[[16.16207730267994,50.842453972861705],[16.162075667028731,50.84240308359513],[16.163314372406337,50.842387112691412],[16.163316010880639,50.842438001098557],[16.16207730267994,50.842453972861705]]]},"properties":{"OBJECTID":245,"Shape_Length":185.81883882829902,"Shape_Area":493.92357319171703}},{"type":"Feature","id":246,"geometry":{"type":"Polygon","coordinates":[[[16.16166655057842,50.842361164471136],[16.161665000525559,50.842310721763205],[16.162625867530842,50.842298883085206],[16.162627417147828,50.842349326661072],[16.16166655057842,50.842361164471136]]]},"properties":{"OBJECTID":246,"Shape_Length":146.57801025252013,"Shape_Area":379.76880636100361}},{"type":"Feature","id":247,"geometry":{"type":"Polygon","coordinates":[[[16.161936601827058,50.842259507140511],[16.161935086831669,50.842210237688228],[16.162487681438606,50.842203426657214],[16.162489197016878,50.842252696111764],[16.161936601827058,50.842259507140511]]]},"properties":{"OBJECTID":247,"Shape_Length":88.804725182458469,"Shape_Area":213.32399905837187}},{"type":"Feature","id":248,"geometry":{"type":"Polygon","coordinates":[[[16.160312007115682,50.843356477067623],[16.160310770271458,50.843311242620906],[16.161007463162605,50.843303605287247],[16.161008699262503,50.843348839702919],[16.160312007115682,50.843356477067623]]]},"properties":{"OBJECTID":248,"Shape_Length":108.1992080101503,"Shape_Area":246.90008013556513}},{"type":"Feature","id":249,"geometry":{"type":"Polygon","coordinates":[[[16.160174670030482,50.843260639973813],[16.160173306750671,50.843215781247004],[16.163334539504323,50.843177236315682],[16.163335905820187,50.843222095054706],[16.160174670030482,50.843260639973813]]]},"properties":{"OBJECTID":249,"Shape_Length":455.28615765520874,"Shape_Area":1111.0824580829862}},{"type":"Feature","id":250,"geometry":{"type":"Polygon","coordinates":[[[16.160308417114862,50.843162646272248],[16.160306891886535,50.843116427653726],[16.161139554826175,50.843105406419838],[16.161141080878451,50.843151625040839],[16.160308417114862,50.843162646272248]]]},"properties":{"OBJECTID":250,"Shape_Length":127.58015611434273,"Shape_Area":301.54959670964354}},{"type":"Feature","id":251,"geometry":{"type":"Polygon","coordinates":[[[16.160306803421001,50.84306510904959],[16.160305127017342,50.843017495708089],[16.161136814303827,50.843005756127859],[16.161138491500743,50.843053370369631],[16.160306803421001,50.84306510904959]]]},"properties":{"OBJECTID":251,"Shape_Length":127.75720658517804,"Shape_Area":310.30758662633508}},{"type":"Feature","id":252,"geometry":{"type":"Polygon","coordinates":[[[16.159479731153983,50.842977984273453],[16.159478165554273,50.842928210569859],[16.161134616192005,50.842907306732847],[16.161136183556899,50.842957080442822],[16.159479731153983,50.842977984273453]]]},"properties":{"OBJECTID":252,"Shape_Length":244.41388644391265,"Shape_Area":646.00470458550967}},{"type":"Feature","id":253,"geometry":{"type":"Polygon","coordinates":[[[16.158933524538462,50.842887221956168],[16.158932001358828,50.842838139395369],[16.161820834919791,50.842802185211866],[16.161822359716083,50.842851267749595],[16.158933524538462,50.842887221956168]]]},"properties":{"OBJECTID":253,"Shape_Length":417.8611130371591,"Shape_Area":1110.9715690736693}},{"type":"Feature","id":254,"geometry":{"type":"Polygon","coordinates":[[[16.158656861421257,50.842788476927957],[16.158655435297614,50.842742291279016],[16.161955379631223,50.842701413488747],[16.1619568076534,50.842747598217244],[16.158656861421257,50.842788476927957]]]},"properties":{"OBJECTID":254,"Shape_Length":475.12851601521834,"Shape_Area":1194.1585658753309}},{"type":"Feature","id":255,"geometry":{"type":"Polygon","coordinates":[[[16.158376534889197,50.842694306354716],[16.15837513080125,50.842649773210574],[16.16167214951097,50.842608061999712],[16.161673555377934,50.842652594222102],[16.158376534889197,50.842694306354716]]]},"properties":{"OBJECTID":255,"Shape_Length":474.35360645452465,"Shape_Area":1150.4320967400272}},{"type":"Feature","id":256,"geometry":{"type":"Polygon","coordinates":[[[16.158238555050801,50.842598571826748],[16.158237169852089,50.842554384650576],[16.161396911345818,50.842514616436617],[16.161398299588253,50.842558802725279],[16.158238555050801,50.842598571826748]]]},"properties":{"OBJECTID":256,"Shape_Length":454.93871295531642,"Shape_Area":1093.9648787457672}},{"type":"Feature","id":257,"geometry":{"type":"Polygon","coordinates":[[[16.158372200231046,50.842499531408656],[16.158370617291094,50.842448823295442],[16.161123375456025,50.842414359025774],[16.161124959965434,50.842465067115533],[16.158372200231046,50.842499531408656]]]},"properties":{"OBJECTID":257,"Shape_Length":399.0584874918809,"Shape_Area":1093.7157911865013}},{"type":"Feature","id":258,"geometry":{"type":"Polygon","coordinates":[[[16.158369498249421,50.842402008985921],[16.158367939828853,50.84235227681809],[16.160840380147338,50.842321197451284],[16.160841941200363,50.842370929628778],[16.158369498249421,50.842402008985921]]]},"properties":{"OBJECTID":258,"Shape_Length":359.35481718489007,"Shape_Area":963.44016554810287}},{"type":"Feature","id":259,"geometry":{"type":"Polygon","coordinates":[[[16.157823634507015,50.842311664532737],[16.157822075448326,50.842262256253221],[16.16070215029632,50.842225794495775],[16.160703712401514,50.842275202786197],[16.157823634507015,50.842311664532737]]]},"properties":{"OBJECTID":259,"Shape_Length":416.7078236911853,"Shape_Area":1114.983536977601}},{"type":"Feature","id":260,"geometry":{"type":"Polygon","coordinates":[[[16.15768408513178,50.842211092604892],[16.157682658615737,50.842165583548663],[16.160700963553278,50.842127600941225],[16.16070239301008,50.842173110008204],[16.15768408513178,50.842211092604892]]]},"properties":{"OBJECTID":260,"Shape_Length":435.31256557258627,"Shape_Area":1076.2784436853292}},{"type":"Feature","id":261,"geometry":{"type":"Polygon","coordinates":[[[16.157681674706563,50.842113566460149],[16.157680251012458,50.842068361593725],[16.161116708469397,50.842024945531634],[16.16111813554382,50.842070149511592],[16.157681674706563,50.842113566460149]]]},"properties":{"OBJECTID":261,"Shape_Length":494.15154075143488,"Shape_Area":1217.1887787818823}},{"type":"Feature","id":262,"geometry":{"type":"Polygon","coordinates":[[[16.157535643209382,50.84201692128849],[16.157534249616738,50.841971737846968],[16.160976380218852,50.841929164292644],[16.160977775722152,50.841974347712473],[16.157535643209382,50.84201692128849]]]},"properties":{"OBJECTID":262,"Shape_Length":494.94286479216856,"Shape_Area":1218.6140973896941}},{"type":"Feature","id":263,"geometry":{"type":"Polygon","coordinates":[[[16.157533247683315,50.841919902968087],[16.157531752048449,50.841871793691389],[16.160829829815942,50.841830619354404],[16.160831330321237,50.841878727779964],[16.157533247683315,50.841919902968087]]]},"properties":{"OBJECTID":263,"Shape_Length":475.30403019201083,"Shape_Area":1243.2248984698394}},{"type":"Feature","id":264,"geometry":{"type":"Polygon","coordinates":[[[16.157394636178299,50.841824338251918],[16.157393081843804,50.84177378466979],[16.160011571345049,50.841741470548726],[16.160013128568071,50.841792023243485],[16.157394636178299,50.841824338251918]]]},"properties":{"OBJECTID":264,"Shape_Length":380.11324338069062,"Shape_Area":1037.1935436640304}},{"type":"Feature","id":265,"geometry":{"type":"Polygon","coordinates":[[[16.157392895499509,50.841727656204959],[16.157391316739162,50.841677597799034],[16.159320655969893,50.841653194951135],[16.15932223679788,50.841703253364507],[16.157392895499509,50.841727656204959]]]},"properties":{"OBJECTID":265,"Shape_Length":282.92605096506327,"Shape_Area":756.75595943962162}},{"type":"Feature","id":266,"geometry":{"type":"Polygon","coordinates":[[[16.157526867526954,50.841628837064519],[16.15752519897401,50.841578453455206],[16.158493949198579,50.841565591366717],[16.15849561737749,50.841615974944531],[16.157526867526954,50.841628837064519]]]},"properties":{"OBJECTID":266,"Shape_Length":147.68211461653658,"Shape_Area":382.46295995855701}},{"type":"Feature","id":267,"geometry":{"type":"Polygon","coordinates":[[[16.157524496060592,50.841525720695685],[16.157522997108494,50.841480213465317],[16.157811514445594,50.841476402215228],[16.157813015097748,50.84152190948101],[16.157524496060592,50.841525720695685]]]},"properties":{"OBJECTID":267,"Shape_Length":50.769859158785209,"Shape_Area":102.88247572569162}},{"type":"Feature","id":268,"geometry":{"type":"Polygon","coordinates":[[[16.163297740849295,50.841946252203456],[16.163296180309324,50.841902065356045],[16.163855368245798,50.841894142291181],[16.163856929369274,50.841938328241234],[16.163297740849295,50.841946252203456]]]},"properties":{"OBJECTID":268,"Shape_Length":88.608481709080749,"Shape_Area":193.62298651698393}},{"type":"Feature","id":269,"geometry":{"type":"Polygon","coordinates":[[[16.162614969960462,50.841857053451811],[16.162613562760349,50.841811544963178],[16.164125414188828,50.841792798329124],[16.164126821442906,50.84183830678888],[16.162614969960462,50.841857053451811]]]},"properties":{"OBJECTID":269,"Shape_Length":223.09882768545614,"Shape_Area":539.09064210244264}},{"type":"Feature","id":270,"geometry":{"type":"Polygon","coordinates":[[[16.162197919175657,50.841764696472175],[16.162196372982024,50.841713337902526],[16.164123555071672,50.841690061781634],[16.164125103384229,50.841741420360052],[16.162197919175657,50.841764696472175]]]},"properties":{"OBJECTID":270,"Shape_Length":282.90578603602745,"Shape_Area":775.51251394793246}},{"type":"Feature","id":271,"geometry":{"type":"Polygon","coordinates":[[[16.160962423231926,50.841682291724346],[16.160961082699284,50.841632974308261],[16.161242228036627,50.841629911724986],[16.161243568920657,50.841679228244224],[16.160962423231926,50.841682291724346]]]},"properties":{"OBJECTID":271,"Shape_Length":50.575162537126495,"Shape_Area":108.63062479679522}},{"type":"Feature","id":272,"geometry":{"type":"Polygon","coordinates":[[[16.161786972223755,50.84167268810053],[16.161785418279294,50.841622611501265],[16.164123150733484,50.8415935159207],[16.164124707184154,50.841643592529415],[16.161786972223755,50.84167268810053]]]},"properties":{"OBJECTID":272,"Shape_Length":340.45871477929842,"Shape_Area":917.26229908802497}},{"type":"Feature","id":273,"geometry":{"type":"Polygon","coordinates":[[[16.160961286130632,50.841584955957408],[16.160959737212636,50.841534460169882],[16.163159551212072,50.841507366069187],[16.163161103927095,50.841557861900533],[16.160961286130632,50.841584955957408]]]},"properties":{"OBJECTID":273,"Shape_Length":321.12284216613079,"Shape_Area":870.36775267912594}},{"type":"Feature","id":274,"geometry":{"type":"Polygon","coordinates":[[[16.160822787684392,50.841491221948147],[16.160821137253009,50.841441908679414],[16.162877025273911,50.841414315314985],[16.162878677930305,50.841463627691382],[16.160822787684392,50.841491221948147]]]},"properties":{"OBJECTID":274,"Shape_Length":300.59593395915283,"Shape_Area":794.42431018764887}},{"type":"Feature","id":275,"geometry":{"type":"Polygon","coordinates":[[[16.160683653052704,50.841388926282946],[16.160682292982862,50.84134480184342],[16.162602667791308,50.841321068531421],[16.162604029675169,50.841365192977946],[16.160683653052704,50.841388926282946]]]},"properties":{"OBJECTID":275,"Shape_Length":280.34205576375041,"Shape_Area":663.94135410008607}},{"type":"Feature","id":276,"geometry":{"type":"Polygon","coordinates":[[[16.160816984299146,50.841289013493153],[16.160815709617605,50.841244463744971],[16.162461320771587,50.84122557381054],[16.162462597077102,50.841270122667709],[16.160816984299146,50.841289013493153]]]},"properties":{"OBJECTID":276,"Shape_Length":241.72454022843013,"Shape_Area":574.39509534822002}},{"type":"Feature","id":277,"geometry":{"type":"Polygon","coordinates":[[[16.160813786776327,50.84119217190856],[16.160812371590403,50.84114471788719],[16.162324927643255,50.841126621992117],[16.16232634436577,50.841174076020025],[16.160813786776327,50.84119217190856]]]},"properties":{"OBJECTID":277,"Shape_Length":223.63126020849009,"Shape_Area":562.393566151458}},{"type":"Feature","id":278,"geometry":{"type":"Polygon","coordinates":[[[16.160259980615528,50.841102618944468],[16.160258350807513,50.841051291582154],[16.162186974042132,50.841026722366067],[16.1621886060239,50.841078048837318],[16.160259980615528,50.841102618944468]]]},"properties":{"OBJECTID":278,"Shape_Length":283.11159314141821,"Shape_Area":775.65776486329673}},{"type":"Feature","id":279,"geometry":{"type":"Polygon","coordinates":[[[16.160121984315083,50.84100686372588],[16.160120379162983,50.840955296722157],[16.162050084964619,50.840931183559356],[16.162051693665962,50.840982750605562],[16.160121984315083,50.84100686372588]]]},"properties":{"OBJECTID":279,"Shape_Length":283.31601264087209,"Shape_Area":779.71366295932103}},{"type":"Feature","id":280,"geometry":{"type":"Polygon","coordinates":[[[16.159984649265162,50.840910712349441],[16.159983131287259,50.840862367734708],[16.161912414306709,50.840838064833179],[16.161913935754828,50.840886408591231],[16.159984649265162,50.840910712349441]]]},"properties":{"OBJECTID":280,"Shape_Length":282.54087018662023,"Shape_Area":730.82927233658006}},{"type":"Feature","id":281,"geometry":{"type":"Polygon","coordinates":[[[16.159846356930633,50.840815193419623],[16.159844830543257,50.840765211918438],[16.161772441857398,50.840741603060742],[16.161773968888347,50.840791584535566],[16.159846356930633,50.840815193419623]]]},"properties":{"OBJECTID":281,"Shape_Length":282.66696189674036,"Shape_Area":754.91055110616776}},{"type":"Feature","id":282,"geometry":{"type":"Polygon","coordinates":[[[16.159844939073327,50.840712902948823],[16.159843564016345,50.840668897793066],[16.161626991497108,50.840646528380383],[16.161628369653116,50.840690533576911],[16.159844939073327,50.840712902948823]]]},"properties":{"OBJECTID":282,"Shape_Length":261.0289230264832,"Shape_Area":614.94352344567017}},{"type":"Feature","id":283,"geometry":{"type":"Polygon","coordinates":[[[16.159705866209318,50.840616796177869],[16.159704489119939,50.840571212776126],[16.161487924768995,50.840549608724608],[16.161489302179753,50.840595192098945],[16.159705866209318,50.840616796177869]]]},"properties":{"OBJECTID":283,"Shape_Length":261.37809340604576,"Shape_Area":636.98499568570105}},{"type":"Feature","id":284,"geometry":{"type":"Polygon","coordinates":[[[16.160519643249032,50.840509150712208],[16.160518169639577,50.840463224863285],[16.161350428225866,50.840452512077015],[16.161351902599012,50.840498438827119],[16.160519643249032,50.840509150712208]]]},"properties":{"OBJECTID":284,"Shape_Length":127.46327749839163,"Shape_Area":299.50656530271459}},{"type":"Feature","id":285,"geometry":{"type":"Polygon","coordinates":[[[16.160932698494207,50.84040660781006],[16.16093110749399,50.840354324949949],[16.161212441104865,50.840350890082377],[16.161214033893447,50.840403172079832],[16.160932698494207,50.84040660781006]]]},"properties":{"OBJECTID":285,"Shape_Length":51.264552681515724,"Shape_Area":115.25190976067725}},{"type":"Feature","id":286,"geometry":{"type":"Polygon","coordinates":[[[16.160410341541017,50.841689737798696],[16.160408747157284,50.841638900780254],[16.160688658442755,50.841635381191594],[16.160690253185702,50.841686217312699],[16.160410341541017,50.841689737798696]]]},"properties":{"OBJECTID":286,"Shape_Length":50.741904132090418,"Shape_Area":111.49732556483792}},{"type":"Feature","id":287,"geometry":{"type":"Polygon","coordinates":[[[16.159864082018441,50.841599502997724],[16.159862447954314,50.841548393269925],[16.160550738248762,50.841539573475039],[16.16055237159248,50.841590684069295],[16.159864082018441,50.841599502997724]]]},"properties":{"OBJECTID":287,"Shape_Length":108.33245343246719,"Shape_Area":275.64728436140928}},{"type":"Feature","id":288,"geometry":{"type":"Polygon","coordinates":[[[16.159037332716412,50.84151213167506],[16.159035768680017,50.84146184872111],[16.160412765572776,50.841444662279628],[16.160414332510442,50.841494945273695],[16.159037332716412,50.84151213167506]]]},"properties":{"OBJECTID":288,"Shape_Length":205.16660693044329,"Shape_Area":542.52692543708224}},{"type":"Feature","id":289,"geometry":{"type":"Polygon","coordinates":[[[16.15861953121998,50.84141437908729],[16.15861813071745,50.841369642680014],[16.160274366677545,50.841348846165964],[16.160275768766315,50.841393582579066],[16.15861953121998,50.84141437908729]]]},"properties":{"OBJECTID":289,"Shape_Length":243.27027252812456,"Shape_Area":580.56854573712417}},{"type":"Feature","id":290,"geometry":{"type":"Polygon","coordinates":[[[16.158617419624765,50.841317140976841],[16.158615976239137,50.841272081407013],[16.160136409591725,50.841252550268429],[16.160137854444045,50.841297609843245],[16.158617419624765,50.841317140976841]]]},"properties":{"OBJECTID":290,"Shape_Length":224.21391577626309,"Shape_Area":536.82596123163898}},{"type":"Feature","id":291,"geometry":{"type":"Polygon","coordinates":[[[16.158615215484247,50.841219531705036],[16.158613817159498,50.841173520378071],[16.159997877356574,50.841156654986584],[16.159999277099221,50.84120266542061],[16.158615215484247,50.841219531705036]]]},"properties":{"OBJECTID":291,"Shape_Length":205.21040936014984,"Shape_Area":498.97367739405547}},{"type":"Feature","id":292,"geometry":{"type":"Polygon","coordinates":[[[16.158620694209503,50.841121935088431],[16.158619242721425,50.841072964027745],[16.15985235563091,50.841058302082381],[16.159853808411754,50.841107273148673],[16.158620694209503,50.841121935088431]]]},"properties":{"OBJECTID":292,"Shape_Length":184.60367119253721,"Shape_Area":473.14867666440409}},{"type":"Feature","id":293,"geometry":{"type":"Polygon","coordinates":[[[16.158618016811204,50.841024981010335],[16.158616495390241,50.840976669574466],[16.159713158240884,50.840962824836851],[16.159714680796082,50.841011136276776],[16.158618016811204,50.841024981010335]]]},"properties":{"OBJECTID":293,"Shape_Length":165.23924721222457,"Shape_Area":415.14407775109669}},{"type":"Feature","id":294,"geometry":{"type":"Polygon","coordinates":[[[16.158616088100452,50.840927305564996],[16.158614476765802,50.840878322509958],[16.159574315472227,50.840865659994634],[16.159575927867991,50.840914642154317],[16.158616088100452,50.840927305564996]]]},"properties":{"OBJECTID":294,"Shape_Length":146.1166658896405,"Shape_Area":368.41105575421739}},{"type":"Feature","id":295,"geometry":{"type":"Polygon","coordinates":[[[16.158477740134444,50.840831694555192],[16.158476279767296,50.840781866693852],[16.159435621464688,50.840770593264956],[16.159437081436209,50.840820421096325],[16.158477740134444,50.840831694555192]]]},"properties":{"OBJECTID":295,"Shape_Length":146.22833187270564,"Shape_Area":374.54116176099444}},{"type":"Feature","id":296,"geometry":{"type":"Polygon","coordinates":[[[16.158330443021367,50.840731290863488],[16.158329047336519,50.840687438136165],[16.159434190001591,50.84067333575247],[16.15943558525041,50.840717189347274],[16.158330443021367,50.840731290863488]]]},"properties":{"OBJECTID":296,"Shape_Length":165.44349682882498,"Shape_Area":379.75288676692554}},{"type":"Feature","id":297,"geometry":{"type":"Polygon","coordinates":[[[16.158328285651063,50.840634441218093],[16.158326786434841,50.840589416268323],[16.159295663659059,50.840576482392549],[16.159297162390249,50.840621507310445],[16.158328285651063,50.840634441218093]]]},"properties":{"OBJECTID":297,"Shape_Length":146.51093813770797,"Shape_Area":341.83869065680602}},{"type":"Feature","id":298,"geometry":{"type":"Polygon","coordinates":[[[16.158190730934219,50.84053798360614],[16.15818931189013,50.840492203001908],[16.15929441220673,50.84047846535568],[16.159295832333864,50.840524245964012],[16.158190730934219,50.84053798360614]]]},"properties":{"OBJECTID":298,"Shape_Length":165.86541390885694,"Shape_Area":396.42248022847718}},{"type":"Feature","id":299,"geometry":{"type":"Polygon","coordinates":[[[16.158187877485521,50.840440971226542],[16.158186302352345,50.840390558409283],[16.159426858827814,50.840375015397697],[16.159428435354428,50.84042542732147],[16.158187877485521,50.840440971226542]]]},"properties":{"OBJECTID":299,"Shape_Length":185.9791151217384,"Shape_Area":490.04088090933169}},{"type":"Feature","id":300,"geometry":{"type":"Polygon","coordinates":[[[16.157247896655512,50.841333917922618],[16.157246479613573,50.841290923935716],[16.158078522460311,50.841279932220132],[16.158079938903754,50.841322925276344],[16.157247896655512,50.841333917922618]]]},"properties":{"OBJECTID":300,"Shape_Length":126.77975136772193,"Shape_Area":280.30960308945919}},{"type":"Feature","id":301,"geometry":{"type":"Polygon","coordinates":[[[16.157245660729078,50.841237018643746],[16.157244125009459,50.84119039119755],[16.158076164646527,50.841179399435099],[16.158077701251333,50.841226025985385],[16.157245660729078,50.841237018643746]]]},"properties":{"OBJECTID":301,"Shape_Length":127.58807185996022,"Shape_Area":303.99889187855081}},{"type":"Feature","id":302,"geometry":{"type":"Polygon","coordinates":[[[16.157107620763103,50.841141911975328],[16.157105956848788,50.84109407661024],[16.157931368723983,50.841082566200377],[16.157933033483587,50.841130401567447],[16.157107620763103,50.841141911975328]]]},"properties":{"OBJECTID":302,"Shape_Length":126.92663422798387,"Shape_Area":309.40899797352546}},{"type":"Feature","id":303,"geometry":{"type":"Polygon","coordinates":[[[16.157106282186728,50.84104318374299],[16.157104774781651,50.840994737651158],[16.157930048456453,50.840984443081574],[16.157931556717475,50.841032889176653],[16.157106282186728,50.84104318374299]]]},"properties":{"OBJECTID":303,"Shape_Length":127.03714113183941,"Shape_Area":313.27714015401148}},{"type":"Feature","id":304,"geometry":{"type":"Polygon","coordinates":[[[16.156968263053027,50.84094868295206],[16.156966667487872,50.840900240105775],[16.157792007735786,50.840889338107829],[16.157793604156879,50.840937780956729],[16.156968263053027,50.84094868295206]]]},"properties":{"OBJECTID":304,"Shape_Length":127.04902713470969,"Shape_Area":313.2967816175443}},{"type":"Feature","id":305,"geometry":{"type":"Polygon","coordinates":[[[16.156829775459752,50.840852734538984],[16.156828152510517,50.84080238441183],[16.15778834230596,50.840789964727364],[16.157789967654523,50.840840315790956],[16.156829775459752,50.840852734538984]]]},"properties":{"OBJECTID":305,"Shape_Length":146.46965986742345,"Shape_Area":378.83350272524171}},{"type":"Feature","id":306,"geometry":{"type":"Polygon","coordinates":[[[16.156963579185081,50.840747757525925],[16.156962206451411,50.84070235682983],[16.157650321260739,50.840694012473968],[16.157651694663212,50.84073941317282],[16.156963579185081,50.840747757525925]]]},"properties":{"OBJECTID":306,"Shape_Length":107.03711284407225,"Shape_Area":244.78725263296255}},{"type":"Feature","id":307,"geometry":{"type":"Polygon","coordinates":[[[16.156960777786512,50.84065077246045],[16.156959346332886,50.840606127037333],[16.157647572449356,50.840597284252112],[16.157649004506119,50.840641930575892],[16.156960777786512,50.84065077246045]]]},"properties":{"OBJECTID":307,"Shape_Length":106.88745684251559,"Shape_Area":240.76778271361718}},{"type":"Feature","id":308,"geometry":{"type":"Polygon","coordinates":[[[16.156550566688878,50.840558670700339],[16.156549150503498,50.840512939620076],[16.157509516034359,50.840501016041316],[16.157510933105325,50.840546748023641],[16.156550566688878,50.840558670700339]]]},"properties":{"OBJECTID":308,"Shape_Length":145.46508555910555,"Shape_Area":344.13374287552938}},{"type":"Feature","id":309,"geometry":{"type":"Polygon","coordinates":[[[16.156547663635379,50.840461221555273],[16.156546180856093,50.840412964099777],[16.157506568884756,50.840401127488406],[16.157508054075141,50.840449384982392],[16.156547663635379,50.840461221555273]]]},"properties":{"OBJECTID":309,"Shape_Length":146.030229991082,"Shape_Area":363.14921770782894}},{"type":"Feature","id":310,"geometry":{"type":"Polygon","coordinates":[[[16.15640139746727,50.840365961998387],[16.156399837374966,50.840316011088753],[16.160657537362308,50.840262620465033],[16.160659102007482,50.840312571391529],[16.15640139746727,50.840365961998387]]]},"properties":{"OBJECTID":310,"Shape_Length":610.91700031945754,"Shape_Area":1666.4733209968506}},{"type":"Feature","id":311,"geometry":{"type":"Polygon","coordinates":[[[16.156679574296366,50.840264676044434],[16.156678029524649,50.840214585149937],[16.160519795372092,50.840167009550605],[16.160521344208842,50.840217101359443],[16.156679574296366,50.840264676044434]]]},"properties":{"OBJECTID":311,"Shape_Length":552.35196025984715,"Shape_Area":1507.8915225191251}},{"type":"Feature","id":312,"geometry":{"type":"Polygon","coordinates":[[[16.15681421807766,50.840165747239745],[16.156812655635875,50.840115009882879],[16.160517025648279,50.840069194009288],[16.160518592113586,50.840119931381764],[16.15681421807766,50.840165747239745]]]},"properties":{"OBJECTID":312,"Shape_Length":533.14093839745362,"Shape_Area":1472.716540193253}},{"type":"Feature","id":313,"geometry":{"type":"Polygon","coordinates":[[[16.156811007106274,50.840063888924647],[16.156809597857261,50.840018997499804],[16.160650452972416,50.839970589323869],[16.16065186591252,50.84001548076219],[16.156811007106274,50.840063888924647]]]},"properties":{"OBJECTID":313,"Shape_Length":551.07276984212069,"Shape_Area":1351.0629565710983}},{"type":"Feature","id":314,"geometry":{"type":"Polygon","coordinates":[[[16.157080553395382,50.839962312411508],[16.157079165806554,50.839917691450061],[16.160376483202317,50.839876549419401],[16.160377873940774,50.839921170392721],[16.157080553395382,50.839962312411508]]]},"properties":{"OBJECTID":314,"Shape_Length":474.44018398853206,"Shape_Area":1152.8730651828446}},{"type":"Feature","id":315,"geometry":{"type":"Polygon","coordinates":[[[16.157078516155764,50.839865211905874],[16.157077104785429,50.839819626711865],[16.160101339149193,50.839782021379044],[16.160102754889632,50.839827606618897],[16.157078516155764,50.839865211905874]]]},"properties":{"OBJECTID":315,"Shape_Length":436.18431297538984,"Shape_Area":1080.241890734683}},{"type":"Feature","id":316,"geometry":{"type":"Polygon","coordinates":[[[16.157347581994021,50.839764707293561],[16.157346019751643,50.839714541303728],[16.158724133324732,50.839697322383152],[16.158725698411398,50.839747489311542],[16.157347581994021,50.839764707293561]]]},"properties":{"OBJECTID":316,"Shape_Length":205.30544434025015,"Shape_Area":541.72992998966129}},{"type":"Feature","id":317,"geometry":{"type":"Polygon","coordinates":[[[16.159685517046643,50.839735568788043],[16.159683469468739,50.839686473449049],[16.15982406756758,50.839684124312171],[16.159826115347855,50.839733218752691],[16.159685517046643,50.839735568788043]]]},"properties":{"OBJECTID":317,"Shape_Length":30.734688972901541,"Shape_Area":54.104471065049822}},{"type":"Feature","id":318,"geometry":{"type":"Polygon","coordinates":[[[16.156283022658947,50.841054055168364],[16.156281374300242,50.841003968942402],[16.156423914887419,50.841002087841751],[16.15642556487256,50.841052173204332],[16.156283022658947,50.841054055168364]]]},"properties":{"OBJECTID":318,"Shape_Length":31.224360038620844,"Shape_Area":55.943246896329924}},{"type":"Feature","id":319,"geometry":{"type":"Polygon","coordinates":[[[16.156007270532672,50.840960456385226],[16.156005364421517,50.840909379518877],[16.156285173228373,50.840905192320044],[16.156287079645491,50.840956269186755],[16.156007270532672,50.840960456385226]]]},"properties":{"OBJECTID":319,"Shape_Length":50.785782844577021,"Shape_Area":112.00377324384604}},{"type":"Feature","id":320,"geometry":{"type":"Polygon","coordinates":[[[16.155596754974177,50.840863137789029],[16.155595217808806,50.840818452870536],[16.156148326150753,50.840810823495488],[16.156149863845222,50.840855508415295],[16.155596754974177,50.840863137789029]]]},"properties":{"OBJECTID":320,"Shape_Length":87.863808810470431,"Shape_Area":193.67908535567187}},{"type":"Feature","id":321,"geometry":{"type":"Polygon","coordinates":[[[16.155178265266265,50.840775665504573],[16.155176751913594,50.840726509306954],[16.156145798056126,50.840714536085194],[16.156147312428565,50.840763692286778],[16.155178265266265,50.840775665504573]]]},"properties":{"OBJECTID":321,"Shape_Length":147.44907616195221,"Shape_Area":373.24533931368234}},{"type":"Feature","id":322,"geometry":{"type":"Polygon","coordinates":[[[16.154207038714244,50.840690323252801],[16.154205474505808,50.840640151752858],[16.155999793839651,50.840617704221351],[16.156001359920648,50.840667876626931],[16.154207038714244,50.840690323252801]]]},"properties":{"OBJECTID":322,"Shape_Length":263.9356250559992,"Shape_Area":705.4035069464162}},{"type":"Feature","id":323,"geometry":{"type":"Polygon","coordinates":[[[16.153796817192969,50.840597936169004],[16.153795265221852,50.840546520577512],[16.155860310928727,50.84052150990788],[16.155861865118148,50.840572926407297],[16.153796817192969,50.840597936169004]]]},"properties":{"OBJECTID":323,"Shape_Length":302.34765262043516,"Shape_Area":831.94682252384268}},{"type":"Feature","id":324,"geometry":{"type":"Polygon","coordinates":[[[16.153794617452537,50.840500489679499],[16.15379308920971,50.840450341541228],[16.155451121566408,50.840430068004054],[16.155452651643888,50.840480215251091],[16.153794617452537,50.840500489679499]]]},"properties":{"OBJECTID":324,"Shape_Length":244.72979248392934,"Shape_Area":651.50113538826236}},{"type":"Feature","id":325,"geometry":{"type":"Polygon","coordinates":[[[16.153792145100397,50.840398838212202],[16.153790715711821,50.840353648413924],[16.154759645773378,50.840341363633875],[16.154761076153992,50.840386552537105],[16.153792145100397,50.840398838212202]]]},"properties":{"OBJECTID":325,"Shape_Length":146.55280001413365,"Shape_Area":343.0939156641947}},{"type":"Feature","id":326,"geometry":{"type":"Polygon","coordinates":[[[16.15799347751144,50.843780676029333],[16.157991827890346,50.843730510650857],[16.158409000383468,50.843725009705778],[16.158410650452623,50.843775175085625],[16.15799347751144,50.843780676029333]]]},"properties":{"OBJECTID":326,"Shape_Length":69.927497575850936,"Shape_Area":163.97814418571511}},{"type":"Feature","id":327,"geometry":{"type":"Polygon","coordinates":[[[16.157854494432431,50.843685275635934],[16.157852821851957,50.843634508648996],[16.158405299264029,50.843627207418812],[16.158406973809427,50.84367797534059],[16.157854494432431,50.843685275635934]]]},"properties":{"OBJECTID":327,"Shape_Length":89.121876061704313,"Shape_Area":219.77000369810006}},{"type":"Feature","id":328,"geometry":{"type":"Polygon","coordinates":[[[16.157853039312197,50.8435876225399],[16.157851507222325,50.843536742006656],[16.158539331673161,50.843528433570874],[16.158540865931332,50.843579314141827],[16.157853039312197,50.8435876225399]]]},"properties":{"OBJECTID":328,"Shape_Length":108.20943881917809,"Shape_Area":274.20011014252373}},{"type":"Feature","id":329,"geometry":{"type":"Polygon","coordinates":[[[16.15771500665641,50.843491773657348],[16.157713448551156,50.843442211546233],[16.158401427328027,50.843433539692519],[16.15840298616331,50.843483101806271],[16.15771500665641,50.843491773657348]]]},"properties":{"OBJECTID":329,"Shape_Length":107.93969259512085,"Shape_Area":267.16377496999371}},{"type":"Feature","id":330,"geometry":{"type":"Polygon","coordinates":[[[16.157713044540227,50.843389959366263],[16.157711581059896,50.843344403528732],[16.158263647058909,50.843337291818749],[16.158265111023074,50.843382848556523],[16.157713044540227,50.843389959366263]]]},"properties":{"OBJECTID":330,"Shape_Length":87.903907438809298,"Shape_Area":197.06093864916281}},{"type":"Feature","id":331,"geometry":{"type":"Polygon","coordinates":[[[16.157566348224773,50.843294039486516],[16.157564847663135,50.843248511534064],[16.158125872483392,50.843241099700528],[16.158127373591892,50.843286627654635],[16.157566348224773,50.843294039486516]]]},"properties":{"OBJECTID":331,"Shape_Length":89.160738239827467,"Shape_Area":200.13901880374766}},{"type":"Feature","id":332,"geometry":{"type":"Polygon","coordinates":[[[16.157426976487688,50.843198080225399],[16.15742556637197,50.843151931834718],[16.158123337943056,50.843143379810336],[16.158124750167197,50.843189528238334],[16.157426976487688,50.843198080225399]]]},"properties":{"OBJECTID":332,"Shape_Length":108.55920148580491,"Shape_Area":252.29960283976493}},{"type":"Feature","id":333,"geometry":{"type":"Polygon","coordinates":[[[16.157426162278171,50.843100207894558],[16.157424805891878,50.843051096077005],[16.157979634724636,50.843044953759268],[16.157980991694277,50.843094065579784],[16.157426162278171,50.843100207894558]]]},"properties":{"OBJECTID":333,"Shape_Length":89.07985773955555,"Shape_Area":213.48244167356808}},{"type":"Feature","id":334,"geometry":{"type":"Polygon","coordinates":[[[16.157286390084,50.843005169053896],[16.157284808258996,50.842955490281703],[16.157838588389097,50.842948417012614],[16.157840172222116,50.84299809582145],[16.157286390084,50.843005169053896]]]},"properties":{"OBJECTID":334,"Shape_Length":89.063045237422187,"Shape_Area":215.56134946702099}},{"type":"Feature","id":335,"geometry":{"type":"Polygon","coordinates":[[[16.157284336663007,50.842907979123403],[16.157282779791263,50.842857329209203],[16.157836127202689,50.842850505445178],[16.157837686093472,50.842901155396319],[16.157284336663007,50.842907979123403]]]},"properties":{"OBJECTID":335,"Shape_Length":89.217089464638505,"Shape_Area":219.59789137256746}},{"type":"Feature","id":336,"geometry":{"type":"Polygon","coordinates":[[[16.157146932122302,50.842807297794288],[16.157145451791248,50.842762355172624],[16.157697196317976,50.842755067409371],[16.157698678598919,50.842800010067229],[16.157146932122302,50.842807297794288]]]},"properties":{"OBJECTID":336,"Shape_Length":87.72411552700305,"Shape_Area":194.3002134438062}},{"type":"Feature","id":337,"geometry":{"type":"Polygon","coordinates":[[[16.15714441196997,50.842709304681541],[16.157142864253096,50.84266493266896],[16.157695441698458,50.842657202748903],[16.157696991359284,50.842701574797282],[16.15714441196997,50.842709304681541]]]},"properties":{"OBJECTID":337,"Shape_Length":87.716975603932369,"Shape_Area":192.13345083014602}},{"type":"Feature","id":338,"geometry":{"type":"Polygon","coordinates":[[[16.157005801022663,50.8426137296413],[16.1570043245226,50.842568235551006],[16.157693793725148,50.842559266905646],[16.157695270896742,50.842604760998142],[16.157005801022663,50.8426137296413]]]},"properties":{"OBJECTID":338,"Shape_Length":107.24777908770351,"Shape_Area":245.777496530272}},{"type":"Feature","id":339,"geometry":{"type":"Polygon","coordinates":[[[16.157140067106717,50.842515412971501],[16.157138402373,50.842465651192306],[16.157689681082488,50.842458254061789],[16.157691346403514,50.842508015842654],[16.157140067106717,50.842515412971501]]]},"properties":{"OBJECTID":339,"Shape_Length":88.731725311594616,"Shape_Area":214.95714595333038}},{"type":"Feature","id":340,"geometry":{"type":"Polygon","coordinates":[[[16.157137138019429,50.842417390989709],[16.157135475792362,50.842366933750021],[16.157551349661311,50.842361441205021],[16.15755301239226,50.842411897547628],[16.157137138019429,50.842417390989709]]]},"properties":{"OBJECTID":340,"Shape_Length":69.811182779541056,"Shape_Area":164.42240344424067}},{"type":"Feature","id":341,"geometry":{"type":"Polygon","coordinates":[[[16.156727263869048,50.842325145257341],[16.156725649171079,50.842274147505918],[16.157413984491875,50.842265410237502],[16.15741559994138,50.842316407991589],[16.156727263869048,50.842325145257341]]]},"properties":{"OBJECTID":341,"Shape_Length":108.31209100484091,"Shape_Area":275.05360206788231}},{"type":"Feature","id":342,"geometry":{"type":"Polygon","coordinates":[[[16.156724859086108,50.84222781626476],[16.156723197248194,50.842177359923483],[16.157275806653232,50.842170062909076],[16.15727746908809,50.842220519252152],[16.156724859086108,50.84222781626476]]]},"properties":{"OBJECTID":342,"Shape_Length":89.073582982385759,"Shape_Area":218.48192303006644}},{"type":"Feature","id":343,"geometry":{"type":"Polygon","coordinates":[[[16.156586477449871,50.842126755905518],[16.15658514455275,50.842080706549098],[16.157275213254639,50.842072699814651],[16.157276545467727,50.842118748241212],[16.156586477449871,50.842126755905518]]]},"properties":{"OBJECTID":343,"Shape_Length":107.45196647815118,"Shape_Area":248.9719393200229}},{"type":"Feature","id":344,"geometry":{"type":"Polygon","coordinates":[[[16.15658412566529,50.842028864042618],[16.156582797472709,50.841983368157798],[16.157135260385257,50.841976900542186],[16.15713658911594,50.842022396429428],[16.15658412566529,50.842028864042618]]]},"properties":{"OBJECTID":344,"Shape_Length":87.945515832484276,"Shape_Area":196.93282845032837}},{"type":"Feature","id":345,"geometry":{"type":"Polygon","coordinates":[[[16.156581903374136,50.841931857109003],[16.156580414921617,50.841886683031824],[16.15713311333479,50.841879385293545],[16.157134602321854,50.841924559372352],[16.156581903374136,50.841931857109003]]]},"properties":{"OBJECTID":345,"Shape_Length":87.911344853510485,"Shape_Area":195.64185748850278}},{"type":"Feature","id":346,"geometry":{"type":"Polygon","coordinates":[[[16.156442529619177,50.841836052213679],[16.15644097233908,50.841786054595552],[16.157130674501147,50.841777437869233],[16.157132233938459,50.841827435524735],[16.156442529619177,50.841836052213679]]]},"properties":{"OBJECTID":346,"Shape_Length":108.28256665246705,"Shape_Area":270.19473150161747}},{"type":"Feature","id":347,"geometry":{"type":"Polygon","coordinates":[[[16.156305471480671,50.841740922657742],[16.156303859842509,50.841691984537306],[16.156985118260991,50.841682990908815],[16.156986730612914,50.841731929031432],[16.156305471480671,50.841740922657742]]]},"properties":{"OBJECTID":347,"Shape_Length":106.85988748903844,"Shape_Area":261.24331381322429}},{"type":"Feature","id":348,"geometry":{"type":"Polygon","coordinates":[[[16.155614550570853,50.841652121912375],[16.15561295495511,50.84160192808973],[16.156990792169015,50.841584368870421],[16.156992387846397,50.841634562663664],[16.155614550570853,50.841652121912375]]]},"properties":{"OBJECTID":348,"Shape_Length":205.26630590367142,"Shape_Area":541.90344250088469}},{"type":"Feature","id":349,"geometry":{"type":"Polygon","coordinates":[[[16.151917558412947,50.841989849137185],[16.151915752696677,50.841941326371796],[16.152196194733381,50.84193714281507],[16.152198000740992,50.841985665580843],[16.151917558412947,50.841989849137185]]]},"properties":{"OBJECTID":349,"Shape_Length":50.305807101440571,"Shape_Area":106.64142996067147}},{"type":"Feature","id":350,"geometry":{"type":"Polygon","coordinates":[[[16.151634092945493,50.84189550362855],[16.151632641795509,50.841845994372079],[16.15232924365851,50.841837806744635],[16.15233069560156,50.841887315106],[16.151634092945493,50.84189550362855]]]},"properties":{"OBJECTID":350,"Shape_Length":109.14329217434357,"Shape_Area":270.21779316386085}},{"type":"Feature","id":351,"geometry":{"type":"Polygon","coordinates":[[[16.151359631846073,50.841801705809004],[16.151358094115206,50.841750707112404],[16.152599567473825,50.841735697993428],[16.152601106505422,50.841786697594131],[16.151359631846073,50.841801705809004]]]},"properties":{"OBJECTID":351,"Shape_Length":186.23166323317975,"Shape_Area":496.08575107736903}},{"type":"Feature","id":352,"geometry":{"type":"Polygon","coordinates":[[[16.151774529966829,50.841699557783187],[16.15177298693462,50.841649991398135],[16.152733224093026,50.841638003092385],[16.152734768144182,50.841687569481302],[16.151774529966829,50.841699557783187]]]},"properties":{"OBJECTID":352,"Shape_Length":146.29747914638688,"Shape_Area":372.93530854481287}},{"type":"Feature","id":353,"geometry":{"type":"Polygon","coordinates":[[[16.15177142636513,50.841602018975365],[16.151769843337224,50.841551826273069],[16.152873819380169,50.841537855533787],[16.152875403539642,50.841588049138842],[16.15177142636513,50.841602018975365]]]},"properties":{"OBJECTID":353,"Shape_Length":166.68677360115146,"Shape_Area":434.18747468937653}},{"type":"Feature","id":354,"geometry":{"type":"Polygon","coordinates":[[[16.151625027882027,50.841501358734554],[16.151623633617895,50.841455580408308],[16.15300855502862,50.841438664260799],[16.153009950650038,50.84148444259251],[16.151625027882027,50.841501358734554]]]},"properties":{"OBJECTID":354,"Shape_Length":205.27948512222756,"Shape_Area":496.76088597750504}},{"type":"Feature","id":355,"geometry":{"type":"Polygon","coordinates":[[[16.154376590130859,50.84176479820168],[16.154374938978364,50.841714604796145],[16.154654874677139,50.84171091404437],[16.154656524711495,50.841761107416175],[16.154376590130859,50.84176479820168]]]},"properties":{"OBJECTID":355,"Shape_Length":50.603170850185066,"Shape_Area":110.10056751103156}},{"type":"Feature","id":356,"geometry":{"type":"Polygon","coordinates":[[[16.15383044781213,50.841674089790502],[16.153828840924881,50.841623762486918],[16.154789390126737,50.841611457133695],[16.154790998048927,50.841661784440866],[16.15383044781213,50.841674089790502]]]},"properties":{"OBJECTID":356,"Shape_Length":146.51220815497098,"Shape_Area":378.79086450912735}},{"type":"Feature","id":357,"geometry":{"type":"Polygon","coordinates":[[[16.153691787857376,50.841573433920054],[16.153690376405816,50.841527974634097],[16.15684412290021,50.841488703293706],[16.156845536002077,50.841534162556741],[16.153691787857376,50.841573433920054]]]},"properties":{"OBJECTID":357,"Shape_Length":454.38579734067343,"Shape_Area":1123.3534445117866}},{"type":"Feature","id":358,"geometry":{"type":"Polygon","coordinates":[[[16.153545387539264,50.84147752236224],[16.153543981959828,50.841432062316308],[16.156569595279748,50.841394514893842],[16.156571003803812,50.841439974951136],[16.153545387539264,50.84147752236224]]]},"properties":{"OBJECTID":358,"Shape_Length":436.33613000683278,"Shape_Area":1077.7308922306677}},{"type":"Feature","id":359,"geometry":{"type":"Polygon","coordinates":[[[16.151622528372389,50.841403729400987],[16.151621132250877,50.841358261449138],[16.156431068131781,50.84129895195229],[16.156432468935268,50.841344419922585],[16.151622528372389,50.841403729400987]]]},"properties":{"OBJECTID":359,"Shape_Length":687.69738920641419,"Shape_Area":1713.6050648738496}},{"type":"Feature","id":360,"geometry":{"type":"Polygon","coordinates":[[[16.151764913936276,50.841304616642226],[16.151763503100383,50.841258571581086],[16.155741114239962,50.84120968240957],[16.155742528996786,50.841255727486271],[16.151764913936276,50.841304616642226]]]},"properties":{"OBJECTID":360,"Shape_Length":570.5757102301111,"Shape_Area":1435.0645994808974}},{"type":"Feature","id":361,"geometry":{"type":"Polygon","coordinates":[[[16.151899134415373,50.841205768561188],[16.151897583566445,50.841155511861636],[16.155738308108351,50.841107935608918],[16.155739863089547,50.841158192324514],[16.151899134415373,50.841205768561188]]]},"properties":{"OBJECTID":361,"Shape_Length":552.23215141253115,"Shape_Area":1512.4344719862224}},{"type":"Feature","id":362,"geometry":{"type":"Polygon","coordinates":[[[16.152031549963272,50.841106634207385],[16.152030004027946,50.841056481103557],[16.155736193662698,50.841010632540169],[16.155737742103707,50.841060786523329],[16.152031549963272,50.841106634207385]]]},"properties":{"OBJECTID":362,"Shape_Length":533.25769771794171,"Shape_Area":1456.4612610233025}},{"type":"Feature","id":363,"geometry":{"type":"Polygon","coordinates":[[[16.152030317303264,50.841009049322444],[16.152028761197862,50.840958083477943],[16.155326519948364,50.840917673110084],[16.155328079651884,50.840968638969052],[16.152030317303264,50.841009049322444]]]},"properties":{"OBJECTID":363,"Shape_Length":475.90122803329041,"Shape_Area":1316.9394748041195}},{"type":"Feature","id":364,"geometry":{"type":"Polygon","coordinates":[[[16.15202886020089,50.840911929533739],[16.152027341596131,50.840861537757448],[16.153811709671938,50.840839976725171],[16.153813228782706,50.840890368474888],[16.15202886020089,50.840911929533739]]]},"properties":{"OBJECTID":364,"Shape_Length":262.57813209776577,"Shape_Area":704.54380836030361}},{"type":"Feature","id":365,"geometry":{"type":"Polygon","coordinates":[[[16.152162489950499,50.840808380731893],[16.152161098719382,50.840761867374738],[16.153400627024144,50.840746996779536],[16.1534020194348,50.84079351104041],[16.152162489950499,50.840808380731893]]]},"properties":{"OBJECTID":365,"Shape_Length":184.96286708482242,"Shape_Area":451.75314131710485}},{"type":"Feature","id":366,"geometry":{"type":"Polygon","coordinates":[[[16.152160025498162,50.840710017154741],[16.152158645403624,50.840664743950938],[16.15326222693492,50.8406512567391],[16.153263608099049,50.840696529947259],[16.152160025498162,50.840710017154741]]]},"properties":{"OBJECTID":366,"Shape_Length":165.53727234856476,"Shape_Area":391.48522785928594}},{"type":"Feature","id":367,"geometry":{"type":"Polygon","coordinates":[[[16.151604342016757,50.840619418741511],[16.151602911357266,50.840574844311497],[16.153260301174335,50.840553506499532],[16.153261733415402,50.84059808093491],[16.151604342016757,50.840619418741511]]]},"properties":{"OBJECTID":367,"Shape_Length":243.40379286536665,"Shape_Area":578.89371662440772}},{"type":"Feature","id":368,"geometry":{"type":"Polygon","coordinates":[[[16.151466761834087,50.840523978188898],[16.151465357281488,50.84047825448804],[16.153256982013673,50.840456189220895],[16.153258388319991,50.840501912928666],[16.151466761834087,50.840523978188898]]]},"properties":{"OBJECTID":368,"Shape_Length":262.56589549330562,"Shape_Area":641.89289995299237}},{"type":"Feature","id":369,"geometry":{"type":"Polygon","coordinates":[[[16.151464361771932,50.840426424147118],[16.151462792922914,50.840375374296087],[16.153120662692732,50.840354931126981],[16.153122233353567,50.84040598098516],[16.151464361771932,50.840426424147118]]]},"properties":{"OBJECTID":369,"Shape_Length":244.90894915262564,"Shape_Area":663.16296915844396}},{"type":"Feature","id":370,"geometry":{"type":"Polygon","coordinates":[[[16.151326263151848,50.840331319864745],[16.151324654685414,50.840279896537545],[16.153117702076692,50.840257401249929],[16.153119312462312,50.840308825482929],[16.151326263151848,50.840331319864745]]]},"properties":{"OBJECTID":370,"Shape_Length":264.03746148689572,"Shape_Area":722.50002289644453}},{"type":"Feature","id":371,"geometry":{"type":"Polygon","coordinates":[[[16.151323641774574,50.840233647937183],[16.151322043606665,50.840183454845643],[16.152977125461685,50.840162315826738],[16.1529787253533,50.840212509822962],[16.151323641774574,50.840233647937183]]]},"properties":{"OBJECTID":371,"Shape_Length":244.33002535311877,"Shape_Area":650.96332357495749}},{"type":"Feature","id":372,"geometry":{"type":"Polygon","coordinates":[[[16.151186081509042,50.840138490948149],[16.151184479495885,50.840088060219777],[16.152976927709009,50.840065204309283],[16.152978531657304,50.840115635044477],[16.151186081509042,50.840138490948149]]]},"properties":{"OBJECTID":372,"Shape_Length":263.73487062455882,"Shape_Area":708.32293509127544}},{"type":"Feature","id":373,"geometry":{"type":"Polygon","coordinates":[[[16.151319435238907,50.840034218346403],[16.151318027951195,50.839989824431989],[16.152967354731452,50.839968851830633],[16.152968763586621,50.840013245750633],[16.151319435238907,50.840034218346403]]]},"properties":{"OBJECTID":373,"Shape_Length":242.22944636421013,"Shape_Area":573.74592002385907}},{"type":"Feature","id":374,"geometry":{"type":"Polygon","coordinates":[[[16.151316791611904,50.839936491884913],[16.151315402145229,50.839891665616143],[16.152828267476576,50.839872849723427],[16.152829659813914,50.839917676032442],[16.151316791611904,50.839936491884913]]]},"properties":{"OBJECTID":374,"Shape_Length":223.09995900543484,"Shape_Area":531.39327355834484}},{"type":"Feature","id":375,"geometry":{"type":"Polygon","coordinates":[[[16.150906760114424,50.839844192730048],[16.150905381124382,50.83979915436295],[16.152825800111383,50.839775560412846],[16.15282718095299,50.839820598787348],[16.150906760114424,50.839844192730048]]]},"properties":{"OBJECTID":375,"Shape_Length":280.56087408096056,"Shape_Area":677.73243951805262}},{"type":"Feature","id":376,"geometry":{"type":"Polygon","coordinates":[[[16.150905251187435,50.839746608245477],[16.150903835356615,50.839701591471837],[16.152687246099457,50.839679076275026],[16.152688665067824,50.839724093089615],[16.150905251187435,50.839746608245477]]]},"properties":{"OBJECTID":376,"Shape_Length":261.25831300859227,"Shape_Area":629.09436285390393}},{"type":"Feature","id":377,"geometry":{"type":"Polygon","coordinates":[[[16.150766036167319,50.839651779208914],[16.15076450237693,50.839602451452727],[16.15268621270571,50.839578475730178],[16.152687748525356,50.839627803494082],[16.150766036167319,50.839651779208914]]]},"properties":{"OBJECTID":377,"Shape_Length":281.6999325697202,"Shape_Area":742.78974263158193}},{"type":"Feature","id":378,"geometry":{"type":"Polygon","coordinates":[[[16.15076424434044,50.839553944867127],[16.150762682301529,50.839503984781736],[16.152546740065244,50.839481596479381],[16.152548305431083,50.839531556606552],[16.15076424434044,50.839553944867127]]]},"properties":{"OBJECTID":378,"Shape_Length":262.44974583571678,"Shape_Area":698.42846102987664}},{"type":"Feature","id":379,"geometry":{"type":"Polygon","coordinates":[[[16.151305630284913,50.839450042259301],[16.151304026959984,50.839401193291721],[16.152409027491348,50.839386648654141],[16.15241063202652,50.839435496726914],[16.151305630284913,50.839450042259301]]]},"properties":{"OBJECTID":379,"Shape_Length":166.54184866531136,"Shape_Area":422.98149508333506}},{"type":"Feature","id":380,"geometry":{"type":"Polygon","coordinates":[[[16.151583653896775,50.839344811987878],[16.151582143721274,50.839298837365526],[16.152271160437188,50.839289766882246],[16.152272669817194,50.839335742370494],[16.151583653896775,50.839344811987878]]]},"properties":{"OBJECTID":380,"Shape_Length":107.29847071076105,"Shape_Area":248.23324611842327}},{"type":"Feature","id":381,"geometry":{"type":"Polygon","coordinates":[[[16.152678835350798,50.839330872522474],[16.152677694039454,50.839283933379882],[16.152958680147975,50.83928119203614],[16.152959823160518,50.839328131215211],[16.152678835350798,50.839330872522474]]]},"properties":{"OBJECTID":381,"Shape_Length":50.024482398960124,"Shape_Area":103.33439162033316}},{"type":"Feature","id":382,"geometry":{"type":"Polygon","coordinates":[[[16.152540243871066,50.839234959529271],[16.152538687136037,50.83918994384328],[16.153228520789703,50.839180377491431],[16.153230078189512,50.839225393179021],[16.152540243871066,50.839234959529271]]]},"properties":{"OBJECTID":382,"Shape_Length":107.20294612077035,"Shape_Area":243.35369224668494}},{"type":"Feature","id":383,"geometry":{"type":"Polygon","coordinates":[[[16.151987169698248,50.83914402340951],[16.151985734374261,50.839099006177811],[16.153226838025319,50.839083140633903],[16.153228274545345,50.839128157869787],[16.151987169698248,50.83914402340951]]]},"properties":{"OBJECTID":383,"Shape_Length":184.86255072271814,"Shape_Area":437.81059952366718}},{"type":"Feature","id":384,"geometry":{"type":"Polygon","coordinates":[[[16.15212011569098,50.839045013505398],[16.152118705944662,50.838999037746227],[16.153224385257598,50.838985434191713],[16.153225796092109,50.839031409955197],[16.15212011569098,50.839045013505398]]]},"properties":{"OBJECTID":384,"Shape_Length":165.99506323756046,"Shape_Area":398.33204134634587}},{"type":"Feature","id":385,"geometry":{"type":"Polygon","coordinates":[[[16.152255315920208,50.838945495251203],[16.152253890486691,50.838898561756338],[16.153221899892312,50.838886769597778],[16.153223326298367,50.838933703096622],[16.152255315920208,50.838945495251203]]]},"properties":{"OBJECTID":385,"Shape_Length":146.81320487924435,"Shape_Area":355.99782958884805}},{"type":"Feature","id":386,"geometry":{"type":"Polygon","coordinates":[[[16.15238750423784,50.838846494437163],[16.152385924739416,50.838796209139879],[16.153218579221733,50.83878572091519],[16.153220159616463,50.838836006215779],[16.15238750423784,50.838846494437163]]]},"properties":{"OBJECTID":386,"Shape_Length":128.49230539317395,"Shape_Area":328.09739275420714}},{"type":"Feature","id":387,"geometry":{"type":"Polygon","coordinates":[[[16.152521994241777,50.838748422460405],[16.15252025172952,50.838698618160343],[16.153081531118772,50.838690746004751],[16.153083274229459,50.838740550306184],[16.152521994241777,50.838748422460405]]]},"properties":{"OBJECTID":387,"Shape_Length":90.158390937980315,"Shape_Area":219.07105527482247}},{"type":"Feature","id":388,"geometry":{"type":"Polygon","coordinates":[[[16.15265641992222,50.838648434051727],[16.152654577781185,50.838598630020641],[16.152942924396047,50.838594353524691],[16.152944766789794,50.838644158454635],[16.15265641992222,50.838648434051727]]]},"properties":{"OBJECTID":388,"Shape_Length":51.707319290511194,"Shape_Area":112.5507164508515}},{"type":"Feature","id":389,"geometry":{"type":"Polygon","coordinates":[[[16.150623694584464,50.839355735496014],[16.150622255056511,50.839310225961235],[16.15103887889396,50.839304941668701],[16.151040318827796,50.839350451204922],[16.150623694584464,50.839355735496014]]]},"properties":{"OBJECTID":389,"Shape_Length":68.818922143746462,"Shape_Area":148.57360016579565}},{"type":"Feature","id":390,"geometry":{"type":"Polygon","coordinates":[[[16.150758191666977,50.839256654351892],[16.150756637718267,50.839212017499214],[16.15130833455196,50.839204313782567],[16.151309890501462,50.839248949772688],[16.150758191666977,50.839256654351892]]]},"properties":{"OBJECTID":390,"Shape_Length":87.65760297999573,"Shape_Area":192.98493820926484}},{"type":"Feature","id":391,"geometry":{"type":"Polygon","coordinates":[[[16.150755697101172,50.839159112353833],[16.150754295702743,50.83911358125804],[16.151577956163148,50.83910341490548],[16.151579358364383,50.839148946004471],[16.150755697101172,50.839159112353833]]]},"properties":{"OBJECTID":391,"Shape_Length":126.1657630816477,"Shape_Area":293.86237055148462}},{"type":"Feature","id":392,"geometry":{"type":"Polygon","coordinates":[[[16.150336576154878,50.839067001107743],[16.150335184971972,50.839021798668576],[16.151712263251824,50.839004794118352],[16.151713655767253,50.839049996562778],[16.150336576154878,50.839067001107743]]]},"properties":{"OBJECTID":392,"Shape_Length":204.05751278897964,"Shape_Area":487.76336569892607}},{"type":"Feature","id":393,"geometry":{"type":"Polygon","coordinates":[[[16.15033397925388,50.838969520473626],[16.150332551440361,50.838923869953028],[16.151853694608128,50.838904796893814],[16.151855122489284,50.838950447385329],[16.15033397925388,50.838969520473626]]]},"properties":{"OBJECTID":393,"Shape_Length":224.45450518085667,"Shape_Area":544.13946302506588}},{"type":"Feature","id":394,"geometry":{"type":"Polygon","coordinates":[[[16.150331494182574,50.838872000281938],[16.150329966916786,50.838822339755716],[16.151981100618436,50.838801970872233],[16.15198262963947,50.838851631405412],[16.150331494182574,50.838872000281938]]]},"properties":{"OBJECTID":394,"Shape_Length":243.65876474122189,"Shape_Area":642.51577494766775}},{"type":"Feature","id":395,"geometry":{"type":"Polygon","coordinates":[[[16.150194262785242,50.838776323726982],[16.15019271027148,50.838725471284839],[16.152120920599142,50.838701836797625],[16.152122476685498,50.838752688384474],[16.150194262785242,50.838776323726982]]]},"properties":{"OBJECTID":395,"Shape_Length":282.95810408923046,"Shape_Area":768.33690391520304}},{"type":"Feature","id":396,"geometry":{"type":"Polygon","coordinates":[[[16.150192062973748,50.838678301229514],[16.150190571198721,50.83862745476997],[16.152254450685916,50.838603149633776],[16.152255944652602,50.838653997001892],[16.150192062973748,50.838678301229514]]]},"properties":{"OBJECTID":396,"Shape_Length":302.06603099333137,"Shape_Area":822.29231030771462}},{"type":"Feature","id":397,"geometry":{"type":"Polygon","coordinates":[[[16.150191038033416,50.838582358020197],[16.150189573075085,50.838532680116586],[16.152389782132044,50.838506653161815],[16.152391248011213,50.838556331041204],[16.150191038033416,50.838582358020197]]]},"properties":{"OBJECTID":397,"Shape_Length":321.01269758026888,"Shape_Area":856.45887364909413}},{"type":"Feature","id":398,"geometry":{"type":"Polygon","coordinates":[[[16.150459025679361,50.838476518055124],[16.150457657198661,50.838433855319877],[16.152523170847129,50.838407258624436],[16.152524541214184,50.838449921366113],[16.150459025679361,50.838476518055124]]]},"properties":{"OBJECTID":398,"Shape_Length":300.48675497263872,"Shape_Area":690.53413194523216}},{"type":"Feature","id":399,"geometry":{"type":"Polygon","coordinates":[[[16.150456224009375,50.838378592426515],[16.150454911443806,50.83833603812969],[16.152653775028789,50.838308801883997],[16.152655089652058,50.838351355290186],[16.150456224009375,50.838378592426515]]]},"properties":{"OBJECTID":399,"Shape_Length":319.2449208755616,"Shape_Area":733.21774209626733}},{"type":"Feature","id":400,"geometry":{"type":"Polygon","coordinates":[[[16.150316519349904,50.838283017516538],[16.150315109768915,50.838237907298819],[16.152791954732184,50.838206853521584],[16.152793366704906,50.838251963748263],[16.150316519349904,50.838283017516538]]]},"properties":{"OBJECTID":400,"Shape_Length":358.97829513768573,"Shape_Area":875.53747281033588}},{"type":"Feature","id":401,"geometry":{"type":"Polygon","coordinates":[[[16.150317014037391,50.838185357792575],[16.150315611549317,50.838140247747639],[16.152789425315191,50.838109393516014],[16.152790830192053,50.83815450357006],[16.150317014037391,50.838185357792575]]]},"properties":{"OBJECTID":401,"Shape_Length":358.5512147178859,"Shape_Area":874.46094461335088}},{"type":"Feature","id":402,"geometry":{"type":"Polygon","coordinates":[[[16.150313818606588,50.838087905707447],[16.150312311808154,50.838038539000728],[16.152651015933642,50.83800989137864],[16.152652525203486,50.838059258095349],[16.150313818606588,50.838087905707447]]]},"properties":{"OBJECTID":402,"Shape_Length":340.46218597417072,"Shape_Area":904.69982032061034}},{"type":"Feature","id":403,"geometry":{"type":"Polygon","coordinates":[[[16.150311965583683,50.837990436941062],[16.15031045790445,50.837940595133631],[16.152646705251971,50.837912216011851],[16.152648215423763,50.837962057829635],[16.150311965583683,50.837990436941062]]]},"properties":{"OBJECTID":403,"Shape_Length":340.22140643348371,"Shape_Area":912.44307630094818}},{"type":"Feature","id":404,"geometry":{"type":"Polygon","coordinates":[[[16.150310127859427,50.837893393238623],[16.150308630104661,50.837844880633149],[16.152507543182693,50.837817644046432],[16.152509043220924,50.837866156660816],[16.150310127859427,50.837893393238623]]]},"properties":{"OBJECTID":404,"Shape_Length":320.58090555005703,"Shape_Area":835.91712562326779}},{"type":"Feature","id":405,"geometry":{"type":"Polygon","coordinates":[[[16.150307603664299,50.837795932360329],[16.150306087853281,50.837746363882822],[16.152370197811788,50.837721039607672],[16.152371715758214,50.837770608992415],[16.150307603664299,50.837795932360329]]]},"properties":{"OBJECTID":405,"Shape_Length":301.82409510291927,"Shape_Area":801.75313239917955}},{"type":"Feature","id":406,"geometry":{"type":"Polygon","coordinates":[[[16.150585185252595,50.837690530851027],[16.150583772673183,50.837644649459037],[16.15250511678099,50.837620932962231],[16.152506529828553,50.837666814327008],[16.150585185252595,50.837690530851027]]]},"properties":{"OBJECTID":406,"Shape_Length":280.89165899416673,"Shape_Area":690.78456993393115}},{"type":"Feature","id":407,"geometry":{"type":"Polygon","coordinates":[[[16.150582157797228,50.837592411647798],[16.150580764135327,50.837546896024001],[16.152783654789229,50.837519838817734],[16.15278505059738,50.837565354450099],[16.150582157797228,50.837592411647798]]]},"properties":{"OBJECTID":407,"Shape_Length":320.47540898312423,"Shape_Area":785.69487413642855}},{"type":"Feature","id":408,"geometry":{"type":"Polygon","coordinates":[[[16.15043665051471,50.83749662847265],[16.150435285447809,50.837451788371609],[16.152915551645052,50.837421477245613],[16.15291691903786,50.837466318254826],[16.15043665051471,50.83749662847265]]]},"properties":{"OBJECTID":408,"Shape_Length":359.4026205010864,"Shape_Area":871.50293857716633}},{"type":"Feature","id":409,"geometry":{"type":"Polygon","coordinates":[[[16.150435091030403,50.837400144026375],[16.150433528940844,50.837351752216804],[16.152774065177962,50.837321455611473],[16.152775628273154,50.83736984739447],[16.150435091030403,50.837400144026375]]]},"properties":{"OBJECTID":409,"Shape_Length":340.51555619949289,"Shape_Area":887.57961574282297}},{"type":"Feature","id":410,"geometry":{"type":"Polygon","coordinates":[[[16.150432337799103,50.837302426513389],[16.150430818734261,50.837252885848642],[16.152630525450707,50.837225806926746],[16.152632048267016,50.837275347635448],[16.150432337799103,50.837302426513389]]]},"properties":{"OBJECTID":410,"Shape_Length":320.92470348717973,"Shape_Area":853.94680432233122}},{"type":"Feature","id":411,"geometry":{"type":"Polygon","coordinates":[[[16.150429174541777,50.837205957756744],[16.15042756973946,50.837155678984153],[16.152491845728761,50.837129251006779],[16.152493452752747,50.837179529787093],[16.150429174541777,50.837205957756744]]]},"properties":{"OBJECTID":411,"Shape_Length":302.0141237363876,"Shape_Area":813.33732012929681}},{"type":"Feature","id":412,"geometry":{"type":"Polygon","coordinates":[[[16.1504277779859,50.837107732634323],[16.150426238033198,50.837058931068569],[16.152355562398174,50.83703451248995],[16.152357104366292,50.83708331406303],[16.1504277779859,50.837107732634323]]]},"properties":{"OBJECTID":412,"Shape_Length":282.67191794426259,"Shape_Area":737.82634011068376}},{"type":"Feature","id":413,"geometry":{"type":"Polygon","coordinates":[[[16.150562138159863,50.837008184110317],[16.150560663229601,50.836959082712895],[16.152216484863899,50.836939140509386],[16.152217960115632,50.836988241879531],[16.150562138159863,50.837008184110317]]]},"properties":{"OBJECTID":413,"Shape_Length":244.20179276322995,"Shape_Area":637.09866352493498}},{"type":"Feature","id":414,"geometry":{"type":"Polygon","coordinates":[[[16.150839626692452,50.83690282294188],[16.150838282916745,50.836860075330399],[16.152079217157354,50.836844437900716],[16.152080562068537,50.836887185516396],[16.150839626692452,50.83690282294188]]]},"properties":{"OBJECTID":414,"Shape_Length":184.34109551278624,"Shape_Area":415.69622321507484}},{"type":"Feature","id":415,"geometry":{"type":"Polygon","coordinates":[[[16.150837667920495,50.836805298507095],[16.150836289687142,50.83675966539068],[16.151939101133348,50.836746304912829],[16.151940480443898,50.836791938033748],[16.150837667920495,50.836805298507095]]]},"properties":{"OBJECTID":415,"Shape_Length":165.52137213733408,"Shape_Area":394.35255313895595}},{"type":"Feature","id":416,"geometry":{"type":"Polygon","coordinates":[[[16.150700365871675,50.836709439001503],[16.150699040081509,50.836665535621343],[16.151803679293423,50.836652155424041],[16.151805006121663,50.836696058808513],[16.150700365871675,50.836709439001503]]]},"properties":{"OBJECTID":416,"Shape_Length":165.39434488109001,"Shape_Area":380.03407040704906}},{"type":"Feature","id":417,"geometry":{"type":"Polygon","coordinates":[[[16.150695338506932,50.836611839574516],[16.150695694918916,50.836560477717867],[16.150836036424568,50.83656086673453],[16.150835681585541,50.836612228628773],[16.150695338506932,50.836611839574516]]]},"properties":{"OBJECTID":417,"Shape_Length":31.193929957417737,"Shape_Area":56.465580489549126}},{"type":"Feature","id":418,"geometry":{"type":"Polygon","coordinates":[[[16.15151271907493,50.836601662748656],[16.151511587585198,50.836551968712534],[16.151657063717302,50.836550640346267],[16.151658195361765,50.83660033438349],[16.15151271907493,50.836601662748656]]]},"properties":{"OBJECTID":418,"Shape_Length":31.549062226192586,"Shape_Area":56.64119576638668}}]}